<edmx:Edmx
    xmlns:edmx="http://schemas.microsoft.com/ado/2007/06/edmx"
    xmlns:m="http://schemas.microsoft.com/ado/2007/08/dataservices/metadata"
    xmlns:sap="http://www.sap.com/Protocols/SAPData" Version="1.0">
    <edmx:Reference
        xmlns:edmx="http://docs.oasis-open.org/odata/ns/edmx" Uri="./sap/opu/odata/IWFND/CATALOGSERVICE;v=2/Vocabularies(TechnicalName='vocabularies.UI.v1',Version='0001',SAP__Origin='ZODATA')/$value">
        <edmx:Include Namespace="com.sap.vocabularies.UI.v1" Alias="UI"/>
    </edmx:Reference>
    <edmx:Reference
        xmlns:edmx="http://docs.oasis-open.org/odata/ns/edmx" Uri="./sap/opu/odata/IWFND/CATALOGSERVICE;v=2/Vocabularies(TechnicalName='vocabularies.Communication.v1',Version='0001',SAP__Origin='ZODATA')/$value">
        <edmx:Include Namespace="com.sap.vocabularies.Communication.v1" Alias="vCard"/>
    </edmx:Reference>
    <edmx:Reference
        xmlns:edmx="http://docs.oasis-open.org/odata/ns/edmx" Uri="./sap/opu/odata/IWFND/CATALOGSERVICE;v=2/Vocabularies(TechnicalName='Measures.V1',Version='0001',SAP__Origin='ZODATA')/$value">
        <edmx:Include Namespace="Org.OData.Measures.V1" Alias="CQP"/>
    </edmx:Reference>
    <edmx:Reference
        xmlns:edmx="http://docs.oasis-open.org/odata/ns/edmx" Uri="./sap/opu/odata/IWFND/CATALOGSERVICE;v=2/Vocabularies(TechnicalName='Core.V1',Version='0001',SAP__Origin='ZODATA')/$value">
        <edmx:Include Namespace="Org.OData.Core.V1" Alias="Core"/>
    </edmx:Reference>
    <edmx:Reference
        xmlns:edmx="http://docs.oasis-open.org/odata/ns/edmx" Uri="./sap/opu/odata/IWFND/CATALOGSERVICE;v=2/Vocabularies(TechnicalName='vocabularies.Common.v1',Version='0001',SAP__Origin='ZODATA')/$value">
        <edmx:Include Namespace="com.sap.vocabularies.Common.v1" Alias="Common"/>
    </edmx:Reference>
    <edmx:Reference
        xmlns:edmx="http://docs.oasis-open.org/odata/ns/edmx" Uri="./sap/opu/odata/IWFND/CATALOGSERVICE;v=2/Vocabularies(TechnicalName='',Version='0001',SAP__Origin='ZODATA')/$value">
        <edmx:Include Namespace="CB_CUSTOMER_SRV" Alias="CB_CUSTOMER_SRV"/>
    </edmx:Reference>
    <edmx:DataServices m:DataServiceVersion="2.0">
        <Schema
            xmlns="http://schemas.microsoft.com/ado/2008/09/edm" Namespace="CB_CUSTOMER_SRV" xml:lang="en" sap:schema-version="1">
            <EntityType Name="BillingDocument" sap:content-version="1">
                <Key>
                    <PropertyRef Name="BillingDocument"/>
                </Key>
                <Property Name="BillingDocumentDescription" Type="Edm.String" MaxLength="60" sap:label="Billing Type"/>
                <Property Name="PayerId" Type="Edm.String" MaxLength="10" sap:label="Payer ID"/>
                <Property Name="BillingDocumentDate" Type="Edm.DateTime" Precision="0" sap:display-format="Date" sap:label="Billing Date"/>
                <Property Name="VF_STATUS" Type="Edm.String" MaxLength="1" sap:label="Overall Billing Status" sap:filterable="false"/>
                <Property Name="NetValue" Type="Edm.Decimal" Precision="15" Scale="14" sap:unit="NetValueCurrency" sap:label="Net Value" sap:filterable="false"/>
                <Property Name="BillingDocument" Type="Edm.String" Nullable="false" MaxLength="10" sap:label="Billing Document Number"/>
                <Property Name="PayerName" Type="Edm.String" MaxLength="40" sap:label="Payer Name"/>
                <Property Name="BillToPartyId" Type="Edm.String" MaxLength="10" sap:label="Bill-To Party ID"/>
                <Property Name="SOLD_TO_KUNNR" Type="Edm.String" MaxLength="10" sap:label="Sold-To Party ID"/>
                <Property Name="SOLD_TO_NAME1" Type="Edm.String" MaxLength="40" sap:label="Sold-To Party Name"/>
                <Property Name="BillToPartyName" Type="Edm.String" MaxLength="40" sap:label="Bill-To Party Name"/>
                <Property Name="SalesOrganization" Type="Edm.String" MaxLength="4" sap:label="Sales Organization ID"/>
                <Property Name="CompanyCode" Type="Edm.String" MaxLength="4" sap:label="Company Code" sap:filterable="false"/>
                <Property Name="BUKRS_TEXT" Type="Edm.String" MaxLength="25" sap:label="Company Code name" sap:filterable="false"/>
                <Property Name="VF_TODO" Type="Edm.String" MaxLength="1" sap:label="Billing Issue Type" sap:filterable="false"/>
                <Property Name="XBLNR" Type="Edm.String" MaxLength="16" sap:label="Reference"/>
                <Property Name="SalesOrganizationName" Type="Edm.String" MaxLength="60" sap:label="Sales Organization Name"/>
                <Property Name="NetValueCurrency" Type="Edm.String" MaxLength="5" sap:label="Net Value Currency" sap:filterable="false" sap:semantics="currency-code"/>
                <Property Name="PaymentTerms" Type="Edm.String" MaxLength="4" sap:label="Payment Terms ID" sap:filterable="false"/>
                <Property Name="TaxAmount" Type="Edm.Decimal" Precision="13" Scale="13" sap:unit="TaxAmountCurrency" sap:label="Tax Amount" sap:filterable="false"/>
                <Property Name="TaxAmountCurrency" Type="Edm.String" MaxLength="5" sap:label="Currency" sap:filterable="false" sap:semantics="currency-code"/>
                <Property Name="PaymentTermsDescription" Type="Edm.String" MaxLength="30" sap:label="Payment Terms Description" sap:filterable="false"/>
                <Property Name="DocumentCategory" Type="Edm.String" MaxLength="1" sap:label="Document Category" sap:filterable="false"/>
                <Property Name="AccountingDocumentNumber" Type="Edm.String" MaxLength="10" sap:label="Accounting Document Number" sap:filterable="false"/>
                <Property Name="FiscalYear" Type="Edm.String" MaxLength="4" sap:label="Fiscal Year" sap:filterable="false"/>
                <Property Name="VF_STATUS_TEXT" Type="Edm.String" MaxLength="60" sap:label="Overall Billing Status Description"/>
                <Property Name="VF_TODO_TEXT" Type="Edm.String" MaxLength="60" sap:label="Billing Issue Type Description"/>
            </EntityType>
            <EntityType Name="CONTACT_PERSON" sap:label="Contacts" sap:content-version="1">
                <Key>
                    <PropertyRef Name="ContactPersonNumber"/>
                </Key>
                <Property Name="ContactPersonFirstName" Type="Edm.String" MaxLength="35" sap:label="First Name" sap:filterable="false"/>
                <Property Name="ContactPersonNumber" Type="Edm.String" Nullable="false" MaxLength="10" sap:label="Partner" sap:filterable="false"/>
                <Property Name="ContactPersonLastName" Type="Edm.String" MaxLength="35" sap:label="Last Name" sap:filterable="false"/>
                <Property Name="ContactPersonDepartment2" Type="Edm.String" MaxLength="60" sap:label="Department" sap:filterable="false"/>
                <Property Name="ContactPersonFunction2" Type="Edm.String" MaxLength="60" sap:label="Job Title" sap:filterable="false"/>
                <Property Name="ContactPersonEmail" Type="Edm.String" MaxLength="241" sap:label="Email" sap:filterable="false"/>
                <Property Name="ContactPersonPhone" Type="Edm.String" MaxLength="30" sap:label="Phone" sap:filterable="false"/>
                <Property Name="ContactPersonStreet" Type="Edm.String" MaxLength="60" sap:label="Street" sap:filterable="false"/>
                <Property Name="ContactPersonHouseNumber" Type="Edm.String" MaxLength="10" sap:label="House Number" sap:filterable="false"/>
                <Property Name="ContactPersonMobile" Type="Edm.String" MaxLength="30" sap:label="Mobile" sap:filterable="false"/>
                <Property Name="ContactPersonCity" Type="Edm.String" MaxLength="40" sap:label="City" sap:filterable="false"/>
                <Property Name="ContactPersonRegion" Type="Edm.String" MaxLength="20" sap:label="" sap:filterable="false"/>
                <Property Name="ContactPersonCountry" Type="Edm.String" MaxLength="60" sap:label="" sap:filterable="false"/>
                <Property Name="ContactPersonPostalCode" Type="Edm.String" MaxLength="10" sap:label="Postal Code" sap:filterable="false"/>
                <Property Name="ContactPersonFullName" Type="Edm.String" MaxLength="80" sap:label="Full Name"/>
            </EntityType>
            <EntityType Name="CUSTOMER_BANK_ACCOUN" sap:label="Customer Master (Bank Details)" sap:content-version="1">
                <Key>
                    <PropertyRef Name="Country"/>
                    <PropertyRef Name="BankNumber"/>
                    <PropertyRef Name="BankAccount"/>
                </Key>
                <Property Name="Country" Type="Edm.String" Nullable="false" MaxLength="3" sap:label="Country Code" sap:filterable="false"/>
                <Property Name="KUNNR1" Type="Edm.String" MaxLength="10" sap:label="Customer Number"/>
                <Property Name="CountryName" Type="Edm.String" MaxLength="60" sap:label="Country Name" sap:filterable="false"/>
                <Property Name="BankNumber" Type="Edm.String" Nullable="false" MaxLength="15" sap:label="Bank Key" sap:filterable="false"/>
                <Property Name="BankAccount" Type="Edm.String" Nullable="false" MaxLength="18" sap:label="Bank Account" sap:filterable="false"/>
                <Property Name="BankName" Type="Edm.String" MaxLength="60" sap:label="Bank Name" sap:filterable="false"/>
                <Property Name="AccountHolder" Type="Edm.String" MaxLength="60" sap:label="Account Holder" sap:filterable="false"/>
                <Property Name="CityName" Type="Edm.String" MaxLength="35" sap:label="City" sap:filterable="false"/>
                <Property Name="SWIFT" Type="Edm.String" MaxLength="11" sap:label="SWIFT Code" sap:filterable="false"/>
                <Property Name="AddressNumber" Type="Edm.String" MaxLength="10" sap:label="Address Number" sap:filterable="false"/>
            </EntityType>
            <EntityType Name="CUSTOMER_COMP_CODE" sap:label="Company Code" sap:content-version="1">
                <Key>
                    <PropertyRef Name="CustomerCC"/>
                    <PropertyRef Name="CompanyCode"/>
                </Key>
                <Property Name="FormOfAddressCC" Type="Edm.String" MaxLength="15" sap:label="Title" sap:filterable="false"/>
                <Property Name="CustomerCC" Type="Edm.String" Nullable="false" MaxLength="10" sap:label="Customer Number"/>
                <Property Name="ContactPersonLastName" Type="Edm.String" MaxLength="35" sap:label="Customer Name" sap:filterable="false"/>
                <Property Name="CompanyCode" Type="Edm.String" Nullable="false" MaxLength="4" sap:label="Company Code" sap:filterable="false"/>
                <Property Name="DunningProcedure" Type="Edm.String" MaxLength="4" sap:label="Dunning Procedure" sap:filterable="false"/>
                <Property Name="DunnigBlock" Type="Edm.String" MaxLength="1" sap:label="Dunning Block" sap:filterable="false"/>
                <Property Name="LastDunnedOn" Type="Edm.DateTime" Precision="0" sap:display-format="Date" sap:label="Last Dunned On" sap:filterable="false"/>
                <Property Name="DunningLevel" Type="Edm.String" MaxLength="1" sap:label="Dunning Level" sap:filterable="false"/>
                <Property Name="DunningRecipient" Type="Edm.String" MaxLength="10" sap:label="Dunning Recipient" sap:filterable="false"/>
                <Property Name="LegDunningProcedure" Type="Edm.DateTime" Precision="0" sap:display-format="Date" sap:label="Leg Dunning Procedure On" sap:filterable="false"/>
                <Property Name="CompanyCodeName" Type="Edm.String" MaxLength="25" sap:label="Company Code Name" sap:filterable="false"/>
                <Property Name="AccountingClerk2" Type="Edm.String" MaxLength="2" sap:label="Accounting Clerk 2" sap:filterable="false"/>
                <Property Name="AccountingClerk" Type="Edm.String" MaxLength="2" sap:label="Accounting Clerk" sap:filterable="false"/>
                <Property Name="AccountingClerkName" Type="Edm.String" MaxLength="30" sap:label="Accounting Clerk Name" sap:filterable="false"/>
                <Property Name="ReconciliationAccount" Type="Edm.String" MaxLength="10" sap:label="Reconciliation Account In General Ledger" sap:filterable="false"/>
                <Property Name="BlockingIndicator" Type="Edm.String" MaxLength="1" sap:label="Block Ind." sap:filterable="false"/>
            </EntityType>
            <EntityType Name="CUSTOMER_PROJECT_H" sap:label="Engagement Project" sap:content-version="1">
                <Key>
                    <PropertyRef Name="CustomerProjectUUID"/>
                </Key>
                <Property Name="NAME1_TEXT" Type="Edm.String" MaxLength="80" sap:label="Project Manager"/>
                <Property Name="CustomerProjectName" Type="Edm.String" MaxLength="40" sap:label="Customer Project"/>
                <Property Name="FP_KEY" Type="Edm.Binary" sap:label="Financial Plan UUID" sap:sortable="false" sap:filterable="false"/>
                <Property Name="CustomerProjectUUID" Type="Edm.Binary" Nullable="false" sap:label="Customer Project UUID" sap:sortable="false"/>
                <Property Name="CustomerProjectID" Type="Edm.String" MaxLength="40" sap:label="Customer Project ID"/>
                <Property Name="CustomePojectStartDate" Type="Edm.DateTime" Precision="0" sap:display-format="Date" sap:label="Start Date" sap:filterable="false"/>
                <Property Name="CustomerProjectEndDate" Type="Edm.DateTime" Precision="0" sap:display-format="Date" sap:label="End Date" sap:filterable="false"/>
                <Property Name="CustomerProjectStageText" Type="Edm.String" MaxLength="40" sap:label="Stage"/>
                <Property Name="CustomerProjectServiceOrgName" Type="Edm.String" MaxLength="40" sap:label="Service Organization"/>
                <Property Name="MP_TYPE" Type="Edm.String" MaxLength="4" sap:label="Master Project Type" sap:filterable="false"/>
                <Property Name="CURRENCY" Type="Edm.String" MaxLength="5" sap:label="Currency" sap:filterable="false"/>
                <Property Name="CustomerProjectStage" Type="Edm.String" MaxLength="4" sap:label="Stage ID"/>
                <Property Name="CustomerProjectServiceOrg" Type="Edm.String" MaxLength="5" sap:label="Service Organization ID"/>
                <Property Name="CustProjMgrPersonnelNumber" Type="Edm.String" MaxLength="8" sap:label="Project Manager ID"/>
                <Property Name="CostCenter" Type="Edm.String" MaxLength="20" sap:label="Cost Center ID" sap:filterable="false"/>
                <Property Name="CONFIDENTIAL" Type="Edm.String" MaxLength="1" sap:label="Confidential" sap:filterable="false"/>
            </EntityType>
            <EntityType Name="CUSTOMER_SALES_AREA" sap:label="Sales Area" sap:content-version="1">
                <Key>
                    <PropertyRef Name="SalesOrganization"/>
                    <PropertyRef Name="DistributionChannel"/>
                    <PropertyRef Name="Division"/>
                </Key>
                <Property Name="SalesOrganization" Type="Edm.String" Nullable="false" MaxLength="4" sap:label="Sales Organization ID" sap:filterable="false"/>
                <Property Name="SalesOrganizationName" Type="Edm.String" MaxLength="60" sap:label="Sales Organization" sap:filterable="false"/>
                <Property Name="DistributionChannel" Type="Edm.String" Nullable="false" MaxLength="2" sap:label="Distribution Channel ID" sap:filterable="false"/>
                <Property Name="DeliveryBlockDescription" Type="Edm.String" MaxLength="20" sap:label="Delivery Block" sap:filterable="false"/>
                <Property Name="BillingBlockDescription" Type="Edm.String" MaxLength="20" sap:label="Billing Block" sap:filterable="false"/>
                <Property Name="OrderBlockDescription" Type="Edm.String" MaxLength="20" sap:label="Order Block" sap:filterable="false"/>
                <Property Name="DistributionChannelName" Type="Edm.String" MaxLength="60" sap:label="Distribution Channel" sap:filterable="false"/>
                <Property Name="Division" Type="Edm.String" Nullable="false" MaxLength="2" sap:label="Division ID" sap:filterable="false"/>
                <Property Name="DivisionName" Type="Edm.String" MaxLength="60" sap:label="Division" sap:filterable="false"/>
                <Property Name="SalesOffice" Type="Edm.String" MaxLength="4" sap:label="Sales Office" sap:filterable="false"/>
                <Property Name="SalesOfficeName" Type="Edm.String" MaxLength="60" sap:label="Sales Office Description" sap:filterable="false"/>
                <Property Name="SalesGroup" Type="Edm.String" MaxLength="3" sap:label="Sales Group" sap:filterable="false"/>
                <Property Name="SalesGroupName" Type="Edm.String" MaxLength="60" sap:label="Sales Group Description" sap:filterable="false"/>
                <Property Name="CustomerGroup" Type="Edm.String" MaxLength="2" sap:label="Customer Group" sap:filterable="false"/>
                <Property Name="CustomerGroupName" Type="Edm.String" MaxLength="60" sap:label="Customer Group Description" sap:filterable="false"/>
                <Property Name="CustomerABCClassification" Type="Edm.String" MaxLength="2" sap:label="ABC Class" sap:filterable="false"/>
            </EntityType>
            <EntityType Name="Customer" sap:content-version="1">
                <Key>
                    <PropertyRef Name="Customer"/>
                </Key>
                <Property Name="FormOfAddress" Type="Edm.String" MaxLength="15" sap:label=""/>
                <Property Name="PARTNER" Type="Edm.String" MaxLength="10" sap:label="Business Partner"/>
                <Property Name="CustomerName" Type="Edm.String" MaxLength="35" sap:label="Customer Name"/>
                <Property Name="Customer" Type="Edm.String" Nullable="false" MaxLength="10" sap:label="Customer Number"/>
                <Property Name="CentralDeliveryBlockDescription" Type="Edm.String" MaxLength="20" sap:label="Central Delivery Block" sap:filterable="false"/>
                <Property Name="BillingBlockDescription" Type="Edm.String" MaxLength="20" sap:label="Billing Block" sap:filterable="false"/>
                <Property Name="BlockingReasonDescription" Type="Edm.String" MaxLength="20" sap:label="Blocking Reason" sap:filterable="false"/>
                <Property Name="CustomerAdditionalName" Type="Edm.String" MaxLength="35" sap:label="Additional Name"/>
                <Property Name="StreetAddressName" Type="Edm.String" MaxLength="35" sap:label="Address"/>
                <Property Name="CityName" Type="Edm.String" MaxLength="35" sap:label="City"/>
                <Property Name="RegionName" Type="Edm.String" MaxLength="20" sap:label="Region" sap:filterable="false"/>
                <Property Name="CountryName" Type="Edm.String" MaxLength="60" sap:label="Country"/>
                <Property Name="Fax" Type="Edm.String" MaxLength="30" sap:label="Fax" sap:filterable="false"/>
                <Property Name="Mobile" Type="Edm.String" MaxLength="30" sap:label="Mobile" sap:filterable="false"/>
                <Property Name="Phone" Type="Edm.String" MaxLength="30" sap:label="Phone" sap:filterable="false"/>
                <Property Name="PostalCode" Type="Edm.String" MaxLength="10" sap:label="Postal Code"/>
                <Property Name="EmailAddress" Type="Edm.String" MaxLength="241" sap:label="Email"/>
                <Property Name="OrderBlock" Type="Edm.String" MaxLength="2" sap:label="Fax Extension" sap:filterable="false"/>
                <Property Name="AddressID" Type="Edm.String" MaxLength="10" sap:label="Address ID" sap:filterable="false"/>
                <Property Name="SearchTerm" Type="Edm.String" MaxLength="10" sap:label="Search Term"/>
                <Property Name="CustomerAccountGroup" Type="Edm.String" MaxLength="4" sap:label="Account Group" sap:filterable="false"/>
                <Property Name="InternationalLocationNumber" Type="Edm.String" MaxLength="7" sap:label="International Location Number" sap:filterable="false"/>
                <Property Name="InternationalLocationNumber2" Type="Edm.String" MaxLength="5" sap:label="International Location Number 1" sap:filterable="false"/>
                <Property Name="DeliveryBlock" Type="Edm.String" MaxLength="2" sap:label="Central Delivery Block Code" sap:filterable="false"/>
                <Property Name="BillingBlock" Type="Edm.String" MaxLength="2" sap:label="Central Billinb Block Code" sap:filterable="false"/>
                <Property Name="InternationalLocationNumber3" Type="Edm.String" MaxLength="1" sap:label="International Location Number 2" sap:filterable="false"/>
                <Property Name="PostingBlock" Type="Edm.String" MaxLength="1" sap:label="Posting block" sap:filterable="false"/>
                <Property Name="IndustryCode" Type="Edm.String" MaxLength="4" sap:label="Industry" sap:filterable="false"/>
                <Property Name="CreatedBy" Type="Edm.String" MaxLength="12" sap:label="Created by" sap:filterable="false"/>
                <Property Name="Language" Type="Edm.String" MaxLength="1" sap:label="Language" sap:filterable="false"/>
                <Property Name="TaxID1" Type="Edm.String" MaxLength="16" sap:label="Tax Number" sap:filterable="false"/>
                <Property Name="CustomerHomepage" Type="Edm.String" MaxLength="132" sap:label="URL" sap:filterable="false"/>
                <Property Name="Address" Type="Edm.String" sap:label="Address"/>
                <NavigationProperty Name="SNAV_CUSTOMER_SALES_AREA" Relationship="CB_CUSTOMER_SRV.SNAV_CUSTOMER_SALES_AREA" FromRole="FromRole_SNAV_CUSTOMER_SALES_AREA" ToRole="ToRole_SNAV_CUSTOMER_SALES_AREA"/>
                <NavigationProperty Name="SNAV_CUSTOMER_COMP_CODE" Relationship="CB_CUSTOMER_SRV.SNAV_CUSTOMER_COMP_CODE" FromRole="FromRole_SNAV_CUSTOMER_COMP_CODE" ToRole="ToRole_SNAV_CUSTOMER_COMP_CODE"/>
                <NavigationProperty Name="SNAV_CUSTOMER_BANK_ACCOUN" Relationship="CB_CUSTOMER_SRV.SNAV_CUSTOMER_BANK_ACCOUN" FromRole="FromRole_SNAV_CUSTOMER_BANK_ACCOUN" ToRole="ToRole_SNAV_CUSTOMER_BANK_ACCOUN"/>
                <NavigationProperty Name="SNAV_CONTACT_PERSON" Relationship="CB_CUSTOMER_SRV.SNAV_CONTACT_PERSON" FromRole="FromRole_SNAV_CONTACT_PERSON" ToRole="ToRole_SNAV_CONTACT_PERSON"/>
                <NavigationProperty Name="CSALES_ORDERS" Relationship="CB_CUSTOMER_SRV.CSALES_ORDERS" FromRole="FromRole_CSALES_ORDERS" ToRole="ToRole_CSALES_ORDERS"/>
                <NavigationProperty Name="CSALES_QUOTATIONS" Relationship="CB_CUSTOMER_SRV.CSALES_QUOTATIONS" FromRole="FromRole_CSALES_QUOTATIONS" ToRole="ToRole_CSALES_QUOTATIONS"/>
                <NavigationProperty Name="CSALES_CONTRACTS" Relationship="CB_CUSTOMER_SRV.CSALES_CONTRACTS" FromRole="FromRole_CSALES_CONTRACTS" ToRole="ToRole_CSALES_CONTRACTS"/>
                <NavigationProperty Name="CCUST_BILL_DOCS" Relationship="CB_CUSTOMER_SRV.CCUST_BILL_DOCS" FromRole="FromRole_CCUST_BILL_DOCS" ToRole="ToRole_CCUST_BILL_DOCS"/>
                <NavigationProperty Name="CSALES_GP_CONTRACTS" Relationship="CB_CUSTOMER_SRV.CSALES_GP_CONTRACTS" FromRole="FromRole_CSALES_GP_CONTRACTS" ToRole="ToRole_CSALES_GP_CONTRACTS"/>
                <NavigationProperty Name="CCUSTOMER_PROJECTS" Relationship="CB_CUSTOMER_SRV.CCUSTOMER_PROJECTS" FromRole="FromRole_CCUSTOMER_PROJECTS" ToRole="ToRole_CCUSTOMER_PROJECTS"/>
            </EntityType>
            <EntityType Name="SalesContract" sap:content-version="1">
                <Key>
                    <PropertyRef Name="SalesContract"/>
                </Key>
                <Property Name="VBELN_DESCR" Type="Edm.String" MaxLength="60" sap:label="Sales Document Type"/>
                <Property Name="SalesContract" Type="Edm.String" Nullable="false" MaxLength="10" sap:label="Sales Contract"/>
                <Property Name="SoldToParty" Type="Edm.String" MaxLength="10" sap:label="Sold-To Party"/>
                <Property Name="PurchaseOrderByCustomer" Type="Edm.String" MaxLength="35" sap:label="Customer Reference"/>
                <Property Name="NetAmount" Type="Edm.Decimal" Precision="15" Scale="14" sap:unit="NetAmountCurrency" sap:label="Net Value" sap:filterable="false"/>
                <Property Name="SalesContractDate" Type="Edm.DateTime" Precision="0" sap:display-format="Date" sap:label="Document Date"/>
                <Property Name="ShipToParty" Type="Edm.String" MaxLength="10" sap:label="Ship-To Party" sap:filterable="false"/>
                <Property Name="SalesContractValidityStartDate" Type="Edm.DateTime" Precision="0" sap:display-format="Date" sap:label="Valid From"/>
                <Property Name="SalesContractValidityEndDate" Type="Edm.DateTime" Precision="0" sap:display-format="Date" sap:label="Valid To"/>
                <Property Name="OverallSDProcessStatusDesc" Type="Edm.String" MaxLength="20" sap:label="Overall Status"/>
                <Property Name="ABSTK_TEXT" Type="Edm.String" MaxLength="20" sap:label="Rejection Status"/>
                <Property Name="VBTYP" Type="Edm.String" MaxLength="1" sap:label="Sales Document Category" sap:filterable="false"/>
                <Property Name="SoldToPartyName" Type="Edm.String" MaxLength="40" sap:label="Sold-To Party Name"/>
                <Property Name="ShipToPartyName" Type="Edm.String" MaxLength="40" sap:label="Name" sap:filterable="false"/>
                <Property Name="ShipToPartyAdditionalName" Type="Edm.String" MaxLength="40" sap:label="Name 2"/>
                <Property Name="SoldToPartyAdditionalName" Type="Edm.String" MaxLength="40" sap:label="Name 2"/>
                <Property Name="SalesOrganization" Type="Edm.String" MaxLength="4" sap:label="Sales Organization" sap:filterable="false"/>
                <Property Name="SalesOrganizationName" Type="Edm.String" MaxLength="60" sap:label="Sales Organization"/>
                <Property Name="NetAmountCurrency" Type="Edm.String" MaxLength="5" sap:label="Currency" sap:filterable="false" sap:semantics="currency-code"/>
                <Property Name="DistributionChannel" Type="Edm.String" MaxLength="2" sap:label="Distribution Channel" sap:filterable="false"/>
                <Property Name="DistributionChannelName" Type="Edm.String" MaxLength="60" sap:label="Distribution Channel"/>
                <Property Name="Division" Type="Edm.String" MaxLength="2" sap:label="Division" sap:filterable="false"/>
                <Property Name="DivisionName" Type="Edm.String" MaxLength="60" sap:label="Division"/>
                <Property Name="CreatedByUser" Type="Edm.String" MaxLength="12" sap:label="Created By"/>
                <Property Name="AcademicTitleName" Type="Edm.String" MaxLength="60" sap:label="Title" sap:filterable="false"/>
                <Property Name="CreatedByUserFirstName" Type="Edm.String" MaxLength="40" sap:label="First Name"/>
                <Property Name="CreatedByUserLastName" Type="Edm.String" MaxLength="40" sap:label="Last Name"/>
                <Property Name="VBELN_GRP" Type="Edm.String" MaxLength="10" sap:label="Group Contract"/>
            </EntityType>
            <EntityType Name="SalesGroupContract" sap:content-version="1">
                <Key>
                    <PropertyRef Name="SalesGroupContract"/>
                </Key>
                <Property Name="SalesGroupContractType" Type="Edm.String" MaxLength="4" sap:label="Sales Document Type" sap:filterable="false"/>
                <Property Name="VBELN_DESCR" Type="Edm.String" MaxLength="60" sap:label="Document Description" sap:filterable="false"/>
                <Property Name="SalesGroupContractTypeName" Type="Edm.String" MaxLength="60" sap:label="Sales Document Type"/>
                <Property Name="SalesGroupContract" Type="Edm.String" Nullable="false" MaxLength="10" sap:label="Customer Group Contract"/>
                <Property Name="SoldToParty" Type="Edm.String" MaxLength="10" sap:label="Sold-To Party"/>
                <Property Name="SoldToPartyCityName" Type="Edm.String" MaxLength="40" sap:label="City" sap:filterable="false"/>
                <Property Name="SoldToPartyCountry" Type="Edm.String" MaxLength="3" sap:label="Country" sap:filterable="false"/>
                <Property Name="SalesContractName" Type="Edm.String" MaxLength="40" sap:label="Description"/>
                <Property Name="SoldToPartyName" Type="Edm.String" MaxLength="40" sap:label="Customer Name"/>
                <Property Name="SalesGroupContractDate" Type="Edm.DateTime" Precision="0" sap:display-format="Date" sap:label="Document Date"/>
                <Property Name="SalesGrpContrValdtyStartDate" Type="Edm.DateTime" Precision="0" sap:display-format="Date" sap:label="Valid From"/>
                <Property Name="SalesGrpContrValdtyEndDate" Type="Edm.DateTime" Precision="0" sap:display-format="Date" sap:label="Valid To"/>
                <Property Name="ContactPerson" Type="Edm.String" MaxLength="10" sap:label="Customer" sap:filterable="false"/>
                <Property Name="SoldToPartyAdditionalName" Type="Edm.String" MaxLength="40" sap:label="Additional Customer Name"/>
                <Property Name="ContactPersonFirstName" Type="Edm.String" MaxLength="35" sap:label="First Name" sap:filterable="false"/>
                <Property Name="ShipToParty" Type="Edm.String" MaxLength="10" sap:label="Ship-To Party" sap:filterable="false"/>
                <Property Name="ShipToPartyName" Type="Edm.String" MaxLength="40" sap:label="Customer Name" sap:filterable="false"/>
                <Property Name="ShipToPartyAdditionalName" Type="Edm.String" MaxLength="40" sap:label="Additional Customer Name" sap:filterable="false"/>
                <Property Name="ShipToPartyCityName" Type="Edm.String" MaxLength="40" sap:label="City" sap:filterable="false"/>
                <Property Name="ShipToPartyCountry" Type="Edm.String" MaxLength="3" sap:label="Country" sap:filterable="false"/>
                <Property Name="SalesOrganization" Type="Edm.String" MaxLength="4" sap:label="Sales Organization" sap:filterable="false"/>
                <Property Name="DistributionChannel" Type="Edm.String" MaxLength="2" sap:label="Distribution Channel" sap:filterable="false"/>
                <Property Name="SalesOffice" Type="Edm.String" MaxLength="4" sap:label="Sales Office"/>
                <Property Name="Division" Type="Edm.String" MaxLength="2" sap:label="Division" sap:filterable="false"/>
                <Property Name="SalesGroup" Type="Edm.String" MaxLength="3" sap:label="Sales Group"/>
                <Property Name="SalesOrganizationName" Type="Edm.String" MaxLength="60" sap:label="Sales Organization"/>
                <Property Name="DistributionChannelName" Type="Edm.String" MaxLength="60" sap:label="Distribution Channel"/>
                <Property Name="SalesGroupName" Type="Edm.String" MaxLength="60" sap:label="Sales Group"/>
                <Property Name="SalesOfficeName" Type="Edm.String" MaxLength="60" sap:label="Sales Office"/>
                <Property Name="DivisionName" Type="Edm.String" MaxLength="60" sap:label="Division"/>
                <Property Name="CreationDate" Type="Edm.DateTime" Precision="0" sap:display-format="Date" sap:label="Created On" sap:filterable="false"/>
                <Property Name="CreationTime" Type="Edm.Time" Precision="0" sap:label="Time" sap:filterable="false"/>
                <Property Name="CreatedByUser" Type="Edm.String" MaxLength="12" sap:label="Created By"/>
                <Property Name="AcademicTitleName" Type="Edm.String" MaxLength="60" sap:label="Title" sap:filterable="false"/>
                <Property Name="ContactPersonLastName" Type="Edm.String" MaxLength="35" sap:label="Last Name" sap:filterable="false"/>
                <Property Name="ContactPersonCityName" Type="Edm.String" MaxLength="35" sap:label="City" sap:filterable="false"/>
                <Property Name="ContactPersonPhoneNumber" Type="Edm.String" MaxLength="16" sap:label="Telephone" sap:filterable="false"/>
                <Property Name="CreatedByUserFirstName" Type="Edm.String" MaxLength="40" sap:label="First Name"/>
                <Property Name="CreatedByUserLastName" Type="Edm.String" MaxLength="40" sap:label="Last Name"/>
            </EntityType>
            <EntityType Name="SalesOrder" sap:content-version="1">
                <Key>
                    <PropertyRef Name="SalesOrder"/>
                </Key>
                <Property Name="VBELN_DESCR" Type="Edm.String" MaxLength="60" sap:label="Sales Document Type"/>
                <Property Name="SoldToParty" Type="Edm.String" MaxLength="10" sap:label="Sold-To Party"/>
                <Property Name="PurchaseOrderByCustomer" Type="Edm.String" MaxLength="35" sap:label="Customer Reference"/>
                <Property Name="NetAmount" Type="Edm.Decimal" Precision="15" Scale="14" sap:unit="TransactionCurrency" sap:label="Net Value"/>
                <Property Name="SalesOrderDate" Type="Edm.DateTime" Precision="0" sap:display-format="Date" sap:label="Document Date"/>
                <Property Name="ShipToParty" Type="Edm.String" MaxLength="10" sap:label="Ship-To Party"/>
                <Property Name="SalesOrder" Type="Edm.String" Nullable="false" MaxLength="10" sap:label="Sales Order"/>
                <Property Name="SoldToPartyName" Type="Edm.String" MaxLength="40" sap:label="Sold-To Party Name"/>
                <Property Name="SoldToPartyAdditionalName" Type="Edm.String" MaxLength="40" sap:label="Additional Name"/>
                <Property Name="ShipToPartyName" Type="Edm.String" MaxLength="40" sap:label="Name"/>
                <Property Name="ShipToPartyAdditionalName" Type="Edm.String" MaxLength="40" sap:label="Name 2"/>
                <Property Name="OverallSDProcessStatusDesc" Type="Edm.String" MaxLength="20" sap:label="Overall Status"/>
                <Property Name="OverallDeliveryStatusDesc" Type="Edm.String" MaxLength="20" sap:label="Delivery Status"/>
                <Property Name="TotalCreditCheckStatusDesc" Type="Edm.String" MaxLength="20" sap:label="Credit Status"/>
                <Property Name="ABSTK_TEXT" Type="Edm.String" MaxLength="20" sap:label="Rejection Status"/>
                <Property Name="AUGRU_TEXT" Type="Edm.String" MaxLength="60" sap:label="Order Reason"/>
                <Property Name="SalesOrganization" Type="Edm.String" MaxLength="4" sap:label="Sales Organization"/>
                <Property Name="SalesOrganizationName" Type="Edm.String" MaxLength="60" sap:label="Sales Organization"/>
                <Property Name="DistributionChannel" Type="Edm.String" MaxLength="2" sap:label="Distribution Channel" sap:filterable="false"/>
                <Property Name="DistributionChannelName" Type="Edm.String" MaxLength="60" sap:label="Distribution Channel"/>
                <Property Name="Division" Type="Edm.String" MaxLength="2" sap:label="Division" sap:filterable="false"/>
                <Property Name="DivisionName" Type="Edm.String" MaxLength="60" sap:label="Division"/>
                <Property Name="TransactionCurrency" Type="Edm.String" MaxLength="5" sap:label="Currency" sap:semantics="currency-code"/>
                <Property Name="SDDocumentCategory" Type="Edm.String" MaxLength="1" sap:label="Document Category" sap:filterable="false"/>
                <Property Name="RequestedDeliveryDate" Type="Edm.DateTime" Precision="0" sap:display-format="Date" sap:label="Requested Delivery Date" sap:filterable="false"/>
                <Property Name="CreatedByUser" Type="Edm.String" MaxLength="12" sap:label="Created By"/>
                <Property Name="AcademicTitleName" Type="Edm.String" MaxLength="60" sap:label="Title" sap:filterable="false"/>
                <Property Name="CreatedByUserFirstName" Type="Edm.String" MaxLength="40" sap:label="First Name"/>
                <Property Name="CreatedByUserLastName" Type="Edm.String" MaxLength="40" sap:label="Last Name"/>
            </EntityType>
            <EntityType Name="SalesQuotation" sap:content-version="1">
                <Key>
                    <PropertyRef Name="SalesQuotation"/>
                </Key>
                <Property Name="VBELN_DESCR" Type="Edm.String" MaxLength="60" sap:label="Sales Document Type"/>
                <Property Name="SoldToParty" Type="Edm.String" MaxLength="10" sap:label="Sold-To Party"/>
                <Property Name="SalesQuotation" Type="Edm.String" Nullable="false" MaxLength="10" sap:label="Sales Quotation"/>
                <Property Name="SoldToPartyName" Type="Edm.String" MaxLength="40" sap:label="Sold-To Party"/>
                <Property Name="SoldToPartyAdditionalName" Type="Edm.String" MaxLength="40" sap:label="Name 2"/>
                <Property Name="ShipToParty" Type="Edm.String" MaxLength="10" sap:label="Ship-To Party"/>
                <Property Name="PurchaseOrderByCustomer" Type="Edm.String" MaxLength="35" sap:label="Customer Reference"/>
                <Property Name="SalesQuotationNetAmount" Type="Edm.Decimal" Precision="15" Scale="14" sap:unit="TransactionCurrency" sap:label="Net Value"/>
                <Property Name="SalesQuotationDate" Type="Edm.DateTime" Precision="0" sap:display-format="Date" sap:label="Document Date"/>
                <Property Name="TransactionCurrency" Type="Edm.String" MaxLength="5" sap:label="Currency" sap:semantics="currency-code"/>
                <Property Name="SalesQuotationValdtyStartDate" Type="Edm.DateTime" Precision="0" sap:display-format="Date" sap:label="Valid From"/>
                <Property Name="SalesQuotationValidityEndDate" Type="Edm.DateTime" Precision="0" sap:display-format="Date" sap:label="Valid To"/>
                <Property Name="OverallSDProcessStatusDesc" Type="Edm.String" MaxLength="20" sap:label="Overall Status"/>
                <Property Name="OvrlSDDocumentRejectionStsDesc" Type="Edm.String" MaxLength="20" sap:label="Rejection Status"/>
                <Property Name="ShipToPartyName" Type="Edm.String" MaxLength="40" sap:label="Ship-To Party"/>
                <Property Name="ShipToPartyAdditionalName" Type="Edm.String" MaxLength="40" sap:label="Name 2"/>
                <Property Name="SalesOrganization" Type="Edm.String" MaxLength="4" sap:label="Sales Organization" sap:filterable="false"/>
                <Property Name="SalesOrganizationName" Type="Edm.String" MaxLength="60" sap:label="Sales Organization"/>
                <Property Name="DistributionChannel" Type="Edm.String" MaxLength="2" sap:label="Distribution Channel" sap:filterable="false"/>
                <Property Name="Division" Type="Edm.String" MaxLength="2" sap:label="Division" sap:filterable="false"/>
                <Property Name="CreatedByUser" Type="Edm.String" MaxLength="12" sap:label="Created By"/>
                <Property Name="DistributionChannelName" Type="Edm.String" MaxLength="60" sap:label="Distribution Channel"/>
                <Property Name="AcademicTitleName" Type="Edm.String" MaxLength="60" sap:label="Title" sap:filterable="false"/>
                <Property Name="CreatedByUserFirstName" Type="Edm.String" MaxLength="40" sap:label="First Name"/>
                <Property Name="CreatedByUserLastName" Type="Edm.String" MaxLength="40" sap:label="Last Name"/>
                <Property Name="DivisionName" Type="Edm.String" MaxLength="60" sap:label="Division"/>
                <Property Name="SDDocumentCategory" Type="Edm.String" MaxLength="1" sap:label="Sales Document Category" sap:filterable="false"/>
                <Property Name="VDATU" Type="Edm.DateTime" Precision="0" sap:display-format="Date" sap:label="Requested Delivery Date" sap:filterable="false"/>
            </EntityType>
            <Association Name="SNAV_CUSTOMER_COMP_CODE" sap:content-version="1" sap:label="Related Applications">
                <End Type="CB_CUSTOMER_SRV.Customer" Multiplicity="1" Role="FromRole_SNAV_CUSTOMER_COMP_CODE"/>
                <End Type="CB_CUSTOMER_SRV.CUSTOMER_COMP_CODE" Multiplicity="*" Role="ToRole_SNAV_CUSTOMER_COMP_CODE"/>
            </Association>
            <Association Name="SNAV_CUSTOMER_BANK_ACCOUN" sap:content-version="1" sap:label="Related Applications">
                <End Type="CB_CUSTOMER_SRV.Customer" Multiplicity="1" Role="FromRole_SNAV_CUSTOMER_BANK_ACCOUN"/>
                <End Type="CB_CUSTOMER_SRV.CUSTOMER_BANK_ACCOUN" Multiplicity="*" Role="ToRole_SNAV_CUSTOMER_BANK_ACCOUN"/>
            </Association>
            <Association Name="SNAV_CONTACT_PERSON" sap:content-version="1" sap:label="Related Applications">
                <End Type="CB_CUSTOMER_SRV.Customer" Multiplicity="1" Role="FromRole_SNAV_CONTACT_PERSON"/>
                <End Type="CB_CUSTOMER_SRV.CONTACT_PERSON" Multiplicity="*" Role="ToRole_SNAV_CONTACT_PERSON"/>
            </Association>
            <Association Name="CSALES_ORDERS" sap:content-version="1" sap:label="Related Applications">
                <End Type="CB_CUSTOMER_SRV.Customer" Multiplicity="1" Role="FromRole_CSALES_ORDERS"/>
                <End Type="CB_CUSTOMER_SRV.SalesOrder" Multiplicity="*" Role="ToRole_CSALES_ORDERS"/>
            </Association>
            <Association Name="CSALES_QUOTATIONS" sap:content-version="1" sap:label="Related Applications">
                <End Type="CB_CUSTOMER_SRV.Customer" Multiplicity="1" Role="FromRole_CSALES_QUOTATIONS"/>
                <End Type="CB_CUSTOMER_SRV.SalesQuotation" Multiplicity="*" Role="ToRole_CSALES_QUOTATIONS"/>
            </Association>
            <Association Name="CSALES_CONTRACTS" sap:content-version="1" sap:label="Related Applications">
                <End Type="CB_CUSTOMER_SRV.Customer" Multiplicity="1" Role="FromRole_CSALES_CONTRACTS"/>
                <End Type="CB_CUSTOMER_SRV.SalesContract" Multiplicity="*" Role="ToRole_CSALES_CONTRACTS"/>
            </Association>
            <Association Name="CCUST_BILL_DOCS" sap:content-version="1" sap:label="Related Applications">
                <End Type="CB_CUSTOMER_SRV.Customer" Multiplicity="1" Role="FromRole_CCUST_BILL_DOCS"/>
                <End Type="CB_CUSTOMER_SRV.BillingDocument" Multiplicity="*" Role="ToRole_CCUST_BILL_DOCS"/>
            </Association>
            <Association Name="CSALES_GP_CONTRACTS" sap:content-version="1" sap:label="Related Applications">
                <End Type="CB_CUSTOMER_SRV.Customer" Multiplicity="1" Role="FromRole_CSALES_GP_CONTRACTS"/>
                <End Type="CB_CUSTOMER_SRV.SalesGroupContract" Multiplicity="*" Role="ToRole_CSALES_GP_CONTRACTS"/>
            </Association>
            <Association Name="CCUSTOMER_PROJECTS" sap:content-version="1" sap:label="Related Applications">
                <End Type="CB_CUSTOMER_SRV.Customer" Multiplicity="1" Role="FromRole_CCUSTOMER_PROJECTS"/>
                <End Type="CB_CUSTOMER_SRV.CUSTOMER_PROJECT_H" Multiplicity="*" Role="ToRole_CCUSTOMER_PROJECTS"/>
            </Association>
            <Association Name="SNAV_CUSTOMER_SALES_AREA" sap:content-version="1" sap:label="Related Applications">
                <End Type="CB_CUSTOMER_SRV.Customer" Multiplicity="1" Role="FromRole_SNAV_CUSTOMER_SALES_AREA"/>
                <End Type="CB_CUSTOMER_SRV.CUSTOMER_SALES_AREA" Multiplicity="*" Role="ToRole_SNAV_CUSTOMER_SALES_AREA"/>
            </Association>
            <EntityContainer Name="CB_CUSTOMER_SRV_Entities" m:IsDefaultEntityContainer="true" sap:supported-formats="atom json xlsx">
                <EntitySet Name="BillingDocuments" EntityType="CB_CUSTOMER_SRV.BillingDocument" sap:creatable="false" sap:updatable="false" sap:deletable="false" sap:content-version="1"/>
                <EntitySet Name="CONTACT_PERSONs" EntityType="CB_CUSTOMER_SRV.CONTACT_PERSON" sap:creatable="false" sap:updatable="false" sap:deletable="false" sap:content-version="1"/>
                <EntitySet Name="CUSTOMER_BANK_ACCOUNs" EntityType="CB_CUSTOMER_SRV.CUSTOMER_BANK_ACCOUN" sap:creatable="false" sap:updatable="false" sap:deletable="false" sap:content-version="1"/>
                <EntitySet Name="CUSTOMER_COMP_CODEs" EntityType="CB_CUSTOMER_SRV.CUSTOMER_COMP_CODE" sap:creatable="false" sap:updatable="false" sap:deletable="false" sap:content-version="1"/>
                <EntitySet Name="CUSTOMER_PROJECT_Hs" EntityType="CB_CUSTOMER_SRV.CUSTOMER_PROJECT_H" sap:creatable="false" sap:updatable="false" sap:deletable="false" sap:content-version="1"/>
                <EntitySet Name="CUSTOMER_SALES_AREAs" EntityType="CB_CUSTOMER_SRV.CUSTOMER_SALES_AREA" sap:creatable="false" sap:updatable="false" sap:deletable="false" sap:content-version="1"/>
                <EntitySet Name="Customers" EntityType="CB_CUSTOMER_SRV.Customer" sap:creatable="false" sap:updatable="false" sap:deletable="false" sap:content-version="1"/>
                <EntitySet Name="SalesContracts" EntityType="CB_CUSTOMER_SRV.SalesContract" sap:creatable="false" sap:updatable="false" sap:deletable="false" sap:content-version="1"/>
                <EntitySet Name="SalesGroupContracts" EntityType="CB_CUSTOMER_SRV.SalesGroupContract" sap:creatable="false" sap:updatable="false" sap:deletable="false" sap:content-version="1"/>
                <EntitySet Name="SalesOrders" EntityType="CB_CUSTOMER_SRV.SalesOrder" sap:creatable="false" sap:updatable="false" sap:deletable="false" sap:content-version="1"/>
                <EntitySet Name="SalesQuotations" EntityType="CB_CUSTOMER_SRV.SalesQuotation" sap:creatable="false" sap:updatable="false" sap:deletable="false" sap:content-version="1"/>
                <AssociationSet Name="CSALES_GP_CONTRACTS_AssocSet" Association="CB_CUSTOMER_SRV.CSALES_GP_CONTRACTS" sap:creatable="false" sap:updatable="false" sap:deletable="false" sap:content-version="1">
                    <End EntitySet="Customers" Role="FromRole_CSALES_GP_CONTRACTS"/>
                    <End EntitySet="SalesGroupContracts" Role="ToRole_CSALES_GP_CONTRACTS"/>
                </AssociationSet>
                <AssociationSet Name="SNAV_CUSTOMER_BANK_ACCOUN_AssocSet" Association="CB_CUSTOMER_SRV.SNAV_CUSTOMER_BANK_ACCOUN" sap:creatable="false" sap:updatable="false" sap:deletable="false" sap:content-version="1">
                    <End EntitySet="Customers" Role="FromRole_SNAV_CUSTOMER_BANK_ACCOUN"/>
                    <End EntitySet="CUSTOMER_BANK_ACCOUNs" Role="ToRole_SNAV_CUSTOMER_BANK_ACCOUN"/>
                </AssociationSet>
                <AssociationSet Name="CSALES_ORDERS_AssocSet" Association="CB_CUSTOMER_SRV.CSALES_ORDERS" sap:creatable="false" sap:updatable="false" sap:deletable="false" sap:content-version="1">
                    <End EntitySet="Customers" Role="FromRole_CSALES_ORDERS"/>
                    <End EntitySet="SalesOrders" Role="ToRole_CSALES_ORDERS"/>
                </AssociationSet>
                <AssociationSet Name="CSALES_QUOTATIONS_AssocSet" Association="CB_CUSTOMER_SRV.CSALES_QUOTATIONS" sap:creatable="false" sap:updatable="false" sap:deletable="false" sap:content-version="1">
                    <End EntitySet="Customers" Role="FromRole_CSALES_QUOTATIONS"/>
                    <End EntitySet="SalesQuotations" Role="ToRole_CSALES_QUOTATIONS"/>
                </AssociationSet>
                <AssociationSet Name="CCUSTOMER_PROJECTS_AssocSet" Association="CB_CUSTOMER_SRV.CCUSTOMER_PROJECTS" sap:creatable="false" sap:updatable="false" sap:deletable="false" sap:content-version="1">
                    <End EntitySet="Customers" Role="FromRole_CCUSTOMER_PROJECTS"/>
                    <End EntitySet="CUSTOMER_PROJECT_Hs" Role="ToRole_CCUSTOMER_PROJECTS"/>
                </AssociationSet>
                <AssociationSet Name="SNAV_CUSTOMER_SALES_AREA_AssocSet" Association="CB_CUSTOMER_SRV.SNAV_CUSTOMER_SALES_AREA" sap:creatable="false" sap:updatable="false" sap:deletable="false" sap:content-version="1">
                    <End EntitySet="Customers" Role="FromRole_SNAV_CUSTOMER_SALES_AREA"/>
                    <End EntitySet="CUSTOMER_SALES_AREAs" Role="ToRole_SNAV_CUSTOMER_SALES_AREA"/>
                </AssociationSet>
                <AssociationSet Name="CSALES_CONTRACTS_AssocSet" Association="CB_CUSTOMER_SRV.CSALES_CONTRACTS" sap:creatable="false" sap:updatable="false" sap:deletable="false" sap:content-version="1">
                    <End EntitySet="Customers" Role="FromRole_CSALES_CONTRACTS"/>
                    <End EntitySet="SalesContracts" Role="ToRole_CSALES_CONTRACTS"/>
                </AssociationSet>
                <AssociationSet Name="SNAV_CONTACT_PERSON_AssocSet" Association="CB_CUSTOMER_SRV.SNAV_CONTACT_PERSON" sap:creatable="false" sap:updatable="false" sap:deletable="false" sap:content-version="1">
                    <End EntitySet="Customers" Role="FromRole_SNAV_CONTACT_PERSON"/>
                    <End EntitySet="CONTACT_PERSONs" Role="ToRole_SNAV_CONTACT_PERSON"/>
                </AssociationSet>
                <AssociationSet Name="SNAV_CUSTOMER_COMP_CODE_AssocSet" Association="CB_CUSTOMER_SRV.SNAV_CUSTOMER_COMP_CODE" sap:creatable="false" sap:updatable="false" sap:deletable="false" sap:content-version="1">
                    <End EntitySet="Customers" Role="FromRole_SNAV_CUSTOMER_COMP_CODE"/>
                    <End EntitySet="CUSTOMER_COMP_CODEs" Role="ToRole_SNAV_CUSTOMER_COMP_CODE"/>
                </AssociationSet>
                <AssociationSet Name="CCUST_BILL_DOCS_AssocSet" Association="CB_CUSTOMER_SRV.CCUST_BILL_DOCS" sap:creatable="false" sap:updatable="false" sap:deletable="false" sap:content-version="1">
                    <End EntitySet="Customers" Role="FromRole_CCUST_BILL_DOCS"/>
                    <End EntitySet="BillingDocuments" Role="ToRole_CCUST_BILL_DOCS"/>
                </AssociationSet>
            </EntityContainer>
            <Annotations
                xmlns="http://docs.oasis-open.org/odata/ns/edm" Target="CB_CUSTOMER_SRV.SalesOrder/NetAmount">
                <Annotation Term="CQP.ISOCurrency" Path="TransactionCurrency"/>
            </Annotations>
            <Annotations
                xmlns="http://docs.oasis-open.org/odata/ns/edm" Target="CB_CUSTOMER_SRV.SalesQuotation/SalesQuotationNetAmount">
                <Annotation Term="CQP.ISOCurrency" Path="TransactionCurrency"/>
            </Annotations>
            <Annotations
                xmlns="http://docs.oasis-open.org/odata/ns/edm" Target="CB_CUSTOMER_SRV.SalesContract/NetAmount">
                <Annotation Term="CQP.ISOCurrency" Path="NetAmountCurrency"/>
            </Annotations>
            <Annotations
                xmlns="http://docs.oasis-open.org/odata/ns/edm" Target="CB_CUSTOMER_SRV.BillingDocument/NetValue">
                <Annotation Term="CQP.ISOCurrency" Path="NetValueCurrency"/>
            </Annotations>
            <Annotations
                xmlns="http://docs.oasis-open.org/odata/ns/edm" Target="CB_CUSTOMER_SRV.BillingDocument/TaxAmount">
                <Annotation Term="CQP.ISOCurrency" Path="TaxAmountCurrency"/>
            </Annotations>
            <Annotations
                xmlns="http://docs.oasis-open.org/odata/ns/edm" Target="CB_CUSTOMER_SRV.Customer">
                <Annotation Term="UI.DataPoint" Qualifier="DataPoint01">
                    <Record>
                        <PropertyValue Property="Title" String=""/>
                        <PropertyValue Property="Value" Path="CityName"/>
                    </Record>
                </Annotation>
                <Annotation Term="UI.HeaderInfo">
                    <Record>
                        <PropertyValue Property="TypeName" String=""/>
                        <PropertyValue Property="TypeNamePlural" String=""/>
                        <PropertyValue Property="TypeImageUrl" String="/sap/bc/ui5_ui5/sap/ssuite_objexps1/typeimages/customer.jpg"/>
                        <PropertyValue Property="Title">
                            <Record Type="UI.DataField">
                                <PropertyValue Property="Value">
                                    <Apply Function="odata.concat">
                                        <Path>CustomerName</Path>
                                        <String/>
                                        <Path>CustomerAdditionalName</Path>
                                    </Apply>
                                </PropertyValue>
                            </Record>
                        </PropertyValue>
                        <PropertyValue Property="Description">
                            <Record Type="UI.DataFieldWithUrl">
                                <PropertyValue Property="Url">
                                    <Apply Function="odata.fillUriTemplate">
                                        <String>#Customer-displayFactSheet?Customer={ID0}</String>
                                        <LabeledElement Name="ID0" Path="Customer"/>
                                    </Apply>
                                </PropertyValue>
                                <PropertyValue Property="Value" Path="Customer"/>
                            </Record>
                        </PropertyValue>
                    </Record>
                </Annotation>
                <Annotation Term="UI.Badge">
                    <Record>
                        <PropertyValue Property="HeadLine">
                            <Record Type="UI.DataField">
                                <PropertyValue Property="Value" String=""/>
                            </Record>
                        </PropertyValue>
                        <PropertyValue Property="TypeImageUrl" String="/sap/bc/ui5_ui5/sap/ssuite_objexps1/typeimages/customer.jpg"/>
                        <PropertyValue Property="Title">
                            <Record Type="UI.DataField">
                                <PropertyValue Property="Value">
                                    <Apply Function="odata.concat">
                                        <Path>CustomerName</Path>
                                        <String/>
                                        <Path>CustomerAdditionalName</Path>
                                    </Apply>
                                </PropertyValue>
                            </Record>
                        </PropertyValue>
                        <PropertyValue Property="MainInfo">
                            <Record Type="UI.DataFieldWithUrl">
                                <PropertyValue Property="Url">
                                    <Apply Function="odata.fillUriTemplate">
                                        <String>#Customer-displayFactSheet?Customer={ID0}</String>
                                        <LabeledElement Name="ID0" Path="Customer"/>
                                    </Apply>
                                </PropertyValue>
                                <PropertyValue Property="Value" Path="Customer"/>
                            </Record>
                        </PropertyValue>
                    </Record>
                </Annotation>
                <Annotation Term="UI.Identification">
                    <Collection>
                        <Record Type="UI.DataField">
                            <PropertyValue Property="Value" Path="Address"/>
                            <Annotation Term="UI.Importance" EnumMember="UI.ImportanceType/High"/>
                        </Record>
                        <Record Type="UI.DataField">
                            <PropertyValue Property="Value" Path="IndustryCode"/>
                            <Annotation Term="UI.Importance" EnumMember="UI.ImportanceType/High"/>
                        </Record>
                        <Record Type="UI.DataField">
                            <PropertyValue Property="Value">
                                <Apply Function="odata.concat">
                                    <Path>InternationalLocationNumber</Path>
                                    <String/>
                                    <Path>InternationalLocationNumber2</Path>
                                    <String/>
                                    <Path>InternationalLocationNumber3</Path>
                                    <String/>
                                </Apply>
                            </PropertyValue>
                            <Annotation Term="UI.Importance" EnumMember="UI.ImportanceType/High"/>
                        </Record>
                        <Record Type="UI.DataField">
                            <PropertyValue Property="Value" Path="TaxID1"/>
                            <Annotation Term="UI.Importance" EnumMember="UI.ImportanceType/High"/>
                        </Record>
                    </Collection>
                </Annotation>
                <Annotation Term="UI.FieldGroup" Qualifier="Detail2">
                    <Record>
                        <PropertyValue Property="Label" String=""/>
                        <PropertyValue Property="Data">
                            <Collection>
                                <Record Type="UI.DataField">
                                    <PropertyValue Property="Label" String=""/>
                                    <PropertyValue Property="Value" Path="Phone"/>
                                    <Annotation Term="UI.Importance" EnumMember="UI.ImportanceType/High"/>
                                </Record>
                                <Record Type="UI.DataField">
                                    <PropertyValue Property="Label" String=""/>
                                    <PropertyValue Property="Value" Path="Mobile"/>
                                    <Annotation Term="UI.Importance" EnumMember="UI.ImportanceType/High"/>
                                </Record>
                                <Record Type="UI.DataField">
                                    <PropertyValue Property="Label" String=""/>
                                    <PropertyValue Property="Value" Path="Fax"/>
                                    <Annotation Term="UI.Importance" EnumMember="UI.ImportanceType/High"/>
                                </Record>
                                <Record Type="UI.DataField">
                                    <PropertyValue Property="Value" Path="EmailAddress"/>
                                    <Annotation Term="UI.Importance" EnumMember="UI.ImportanceType/High"/>
                                </Record>
                                <Record Type="UI.DataField">
                                    <PropertyValue Property="Label" String=""/>
                                    <PropertyValue Property="Value" Path="CustomerHomepage"/>
                                    <Annotation Term="UI.Importance" EnumMember="UI.ImportanceType/High"/>
                                </Record>
                            </Collection>
                        </PropertyValue>
                    </Record>
                </Annotation>
                <Annotation Term="UI.FieldGroup" Qualifier="Detail3">
                    <Record>
                        <PropertyValue Property="Label" String=""/>
                        <PropertyValue Property="Data">
                            <Collection>
                                <Record Type="UI.DataField">
                                    <PropertyValue Property="Value" Path="BlockingReasonDescription"/>
                                    <Annotation Term="UI.Importance" EnumMember="UI.ImportanceType/High"/>
                                </Record>
                                <Record Type="UI.DataField">
                                    <PropertyValue Property="Value" Path="BillingBlockDescription"/>
                                    <Annotation Term="UI.Importance" EnumMember="UI.ImportanceType/High"/>
                                </Record>
                                <Record Type="UI.DataField">
                                    <PropertyValue Property="Value" Path="CentralDeliveryBlockDescription"/>
                                    <Annotation Term="UI.Importance" EnumMember="UI.ImportanceType/High"/>
                                </Record>
                                <Record Type="UI.DataField">
                                    <PropertyValue Property="Value" Path="PostingBlock"/>
                                    <Annotation Term="UI.Importance" EnumMember="UI.ImportanceType/High"/>
                                </Record>
                            </Collection>
                        </PropertyValue>
                    </Record>
                </Annotation>
                <Annotation Term="UI.LineItem">
                    <Collection>
                        <Record Type="UI.DataFieldWithUrl">
                            <PropertyValue Property="Url">
                                <Apply Function="odata.fillUriTemplate">
                                    <String>#Customer-displayFactSheet?Customer={ID0}</String>
                                    <LabeledElement Name="ID0" Path="Customer"/>
                                </Apply>
                            </PropertyValue>
                            <PropertyValue Property="Value" Path="Customer"/>
                            <Annotation Term="UI.Importance" EnumMember="UI.ImportanceType/Low"/>
                        </Record>
                        <Record Type="UI.DataField">
                            <PropertyValue Property="Value" Path="IndustryCode"/>
                            <Annotation Term="UI.Importance" EnumMember="UI.ImportanceType/High"/>
                        </Record>
                        <Record Type="UI.DataField">
                            <PropertyValue Property="Value" Path="InternationalLocationNumber"/>
                            <Annotation Term="UI.Importance" EnumMember="UI.ImportanceType/High"/>
                        </Record>
                    </Collection>
                </Annotation>
                <Annotation Term="UI.Facets">
                    <Collection>
                        <Record Type="UI.CollectionFacet">
                            <PropertyValue Property="Facets">
                                <Collection>
                                    <Record Type="UI.ReferenceFacet">
                                        <PropertyValue Property="Label" String=""/>
                                        <PropertyValue Property="Target" AnnotationPath="@UI.Identification"/>
                                    </Record>
                                    <Record Type="UI.ReferenceFacet">
                                        <PropertyValue Property="Label" String=""/>
                                        <PropertyValue Property="Target" AnnotationPath="@UI.FieldGroup#Detail2"/>
                                    </Record>
                                    <Record Type="UI.ReferenceFacet">
                                        <PropertyValue Property="Label" String=""/>
                                        <PropertyValue Property="Target" AnnotationPath="@UI.FieldGroup#Detail3"/>
                                    </Record>
                                </Collection>
                            </PropertyValue>
                            <Annotation Term="UI.IsSummary"/>
                        </Record>
                        <Record Type="UI.ReferenceFacet">
                            <PropertyValue Property="Label" String=""/>
                            <PropertyValue Property="Target" AnnotationPath="SNAV_CONTACT_PERSON/@vCard.Contact"/>
                        </Record>
                        <Record Type="UI.ReferenceFacet">
                            <PropertyValue Property="Label" String=""/>
                            <PropertyValue Property="Target" AnnotationPath="SNAV_CUSTOMER_BANK_ACCOUN/@UI.LineItem"/>
                        </Record>
                        <Record Type="UI.ReferenceFacet">
                            <PropertyValue Property="Label" String=""/>
                            <PropertyValue Property="Target" AnnotationPath="SNAV_CUSTOMER_SALES_AREA/@UI.LineItem"/>
                        </Record>
                        <Record Type="UI.ReferenceFacet">
                            <PropertyValue Property="Label" String=""/>
                            <PropertyValue Property="Target" AnnotationPath="SNAV_CUSTOMER_COMP_CODE/@UI.LineItem"/>
                        </Record>
                    </Collection>
                </Annotation>
            </Annotations>
            <Annotations
                xmlns="http://docs.oasis-open.org/odata/ns/edm" Target="CB_CUSTOMER_SRV.CUSTOMER_SALES_AREA">
                <Annotation Term="UI.HeaderInfo">
                    <Record>
                        <PropertyValue Property="TypeName" String=""/>
                        <PropertyValue Property="TypeNamePlural" String=""/>
                        <PropertyValue Property="Title">
                            <Record Type="UI.DataField">
                                <PropertyValue Property="Value">
                                    <Apply Function="odata.concat">
                                        <Path>SalesOrganizationName</Path>
                                        <String/>
                                        <String> (</String>
                                        <Path>SalesOrganization</Path>
                                        <String>)</String>
                                    </Apply>
                                </PropertyValue>
                            </Record>
                        </PropertyValue>
                        <PropertyValue Property="Description">
                            <Record Type="UI.DataField">
                                <PropertyValue Property="Value">
                                    <Apply Function="odata.concat">
                                        <Path>DistributionChannelName</Path>
                                        <String> (</String>
                                        <Path>DistributionChannel</Path>
                                        <String>)</String>
                                    </Apply>
                                </PropertyValue>
                            </Record>
                        </PropertyValue>
                    </Record>
                </Annotation>
                <Annotation Term="UI.Badge">
                    <Record>
                        <PropertyValue Property="HeadLine">
                            <Record Type="UI.DataField">
                                <PropertyValue Property="Value" String=""/>
                            </Record>
                        </PropertyValue>
                        <PropertyValue Property="Title">
                            <Record Type="UI.DataField">
                                <PropertyValue Property="Value">
                                    <Apply Function="odata.concat">
                                        <Path>SalesOrganizationName</Path>
                                        <String/>
                                        <String> (</String>
                                        <Path>SalesOrganization</Path>
                                        <String>)</String>
                                    </Apply>
                                </PropertyValue>
                            </Record>
                        </PropertyValue>
                        <PropertyValue Property="MainInfo">
                            <Record Type="UI.DataField">
                                <PropertyValue Property="Value">
                                    <Apply Function="odata.concat">
                                        <Path>DistributionChannelName</Path>
                                        <String> (</String>
                                        <Path>DistributionChannel</Path>
                                        <String>)</String>
                                    </Apply>
                                </PropertyValue>
                            </Record>
                        </PropertyValue>
                    </Record>
                </Annotation>
                <Annotation Term="UI.Identification">
                    <Collection>
                        <Record Type="UI.DataField">
                            <PropertyValue Property="Value" Path="SalesOrganizationName"/>
                            <Annotation Term="UI.Importance" EnumMember="UI.ImportanceType/High"/>
                        </Record>
                    </Collection>
                </Annotation>
                <Annotation Term="UI.LineItem">
                    <Collection>
                        <Record Type="UI.DataField">
                            <PropertyValue Property="Value">
                                <Apply Function="odata.concat">
                                    <Path>SalesOrganizationName</Path>
                                    <String/>
                                    <String> (</String>
                                    <Path>SalesOrganization</Path>
                                    <String>)</String>
                                </Apply>
                            </PropertyValue>
                            <Annotation Term="UI.Importance" EnumMember="UI.ImportanceType/High"/>
                        </Record>
                        <Record Type="UI.DataField">
                            <PropertyValue Property="Value">
                                <Apply Function="odata.concat">
                                    <Path>DistributionChannelName</Path>
                                    <String/>
                                    <String> (</String>
                                    <Path>DistributionChannel</Path>
                                    <String>)</String>
                                </Apply>
                            </PropertyValue>
                            <Annotation Term="UI.Importance" EnumMember="UI.ImportanceType/High"/>
                        </Record>
                        <Record Type="UI.DataField">
                            <PropertyValue Property="Value">
                                <Apply Function="odata.concat">
                                    <Path>DivisionName</Path>
                                    <String/>
                                    <String> (</String>
                                    <Path>Division</Path>
                                    <String>)</String>
                                </Apply>
                            </PropertyValue>
                            <Annotation Term="UI.Importance" EnumMember="UI.ImportanceType/High"/>
                        </Record>
                        <Record Type="UI.DataField">
                            <PropertyValue Property="Value" Path="OrderBlockDescription"/>
                            <Annotation Term="UI.Importance" EnumMember="UI.ImportanceType/High"/>
                        </Record>
                        <Record Type="UI.DataField">
                            <PropertyValue Property="Value" Path="BillingBlockDescription"/>
                            <Annotation Term="UI.Importance" EnumMember="UI.ImportanceType/High"/>
                        </Record>
                        <Record Type="UI.DataField">
                            <PropertyValue Property="Value" Path="DeliveryBlockDescription"/>
                            <Annotation Term="UI.Importance" EnumMember="UI.ImportanceType/High"/>
                        </Record>
                    </Collection>
                </Annotation>
                <Annotation Term="UI.Facets">
                    <Collection>
                        <Record Type="UI.CollectionFacet">
                            <PropertyValue Property="Facets">
                                <Collection>
                                    <Record Type="UI.ReferenceFacet">
                                        <PropertyValue Property="Target" AnnotationPath="@UI.Identification"/>
                                    </Record>
                                </Collection>
                            </PropertyValue>
                            <Annotation Term="UI.IsSummary"/>
                        </Record>
                    </Collection>
                </Annotation>
            </Annotations>
            <Annotations
                xmlns="http://docs.oasis-open.org/odata/ns/edm" Target="CB_CUSTOMER_SRV.CUSTOMER_COMP_CODE">
                <Annotation Term="UI.HeaderInfo">
                    <Record>
                        <PropertyValue Property="TypeName" String=""/>
                        <PropertyValue Property="TypeNamePlural" String=""/>
                        <PropertyValue Property="Title">
                            <Record Type="UI.DataField">
                                <PropertyValue Property="Value">
                                    <Apply Function="odata.concat">
                                        <Path>CompanyCodeName</Path>
                                        <String/>
                                        <String> (</String>
                                        <Path>CompanyCode</Path>
                                        <String>)</String>
                                    </Apply>
                                </PropertyValue>
                            </Record>
                        </PropertyValue>
                        <PropertyValue Property="Description">
                            <Record Type="UI.DataField">
                                <PropertyValue Property="Value" Path="AccountingClerkName"/>
                            </Record>
                        </PropertyValue>
                    </Record>
                </Annotation>
                <Annotation Term="UI.Badge">
                    <Record>
                        <PropertyValue Property="HeadLine">
                            <Record Type="UI.DataField">
                                <PropertyValue Property="Value" String=""/>
                            </Record>
                        </PropertyValue>
                        <PropertyValue Property="Title">
                            <Record Type="UI.DataField">
                                <PropertyValue Property="Value">
                                    <Apply Function="odata.concat">
                                        <Path>CompanyCodeName</Path>
                                        <String/>
                                        <String> (</String>
                                        <Path>CompanyCode</Path>
                                        <String>)</String>
                                    </Apply>
                                </PropertyValue>
                            </Record>
                        </PropertyValue>
                        <PropertyValue Property="MainInfo">
                            <Record Type="UI.DataField">
                                <PropertyValue Property="Value" Path="AccountingClerkName"/>
                            </Record>
                        </PropertyValue>
                    </Record>
                </Annotation>
                <Annotation Term="UI.Identification">
                    <Collection>
                        <Record Type="UI.DataField">
                            <PropertyValue Property="Value" Path="CompanyCode"/>
                            <Annotation Term="UI.Importance" EnumMember="UI.ImportanceType/High"/>
                        </Record>
                    </Collection>
                </Annotation>
                <Annotation Term="UI.LineItem">
                    <Collection>
                        <Record Type="UI.DataField">
                            <PropertyValue Property="Value">
                                <Apply Function="odata.concat">
                                    <Path>CompanyCodeName</Path>
                                    <String> (</String>
                                    <Path>CompanyCode</Path>
                                    <String>)</String>
                                </Apply>
                            </PropertyValue>
                            <Annotation Term="UI.Importance" EnumMember="UI.ImportanceType/High"/>
                        </Record>
                        <Record Type="UI.DataField">
                            <PropertyValue Property="Value" Path="AccountingClerkName"/>
                            <Annotation Term="UI.Importance" EnumMember="UI.ImportanceType/High"/>
                        </Record>
                        <Record Type="UI.DataField">
                            <PropertyValue Property="Label" String=""/>
                            <PropertyValue Property="Value" Path="BlockingIndicator"/>
                            <Annotation Term="UI.Importance" EnumMember="UI.ImportanceType/High"/>
                        </Record>
                    </Collection>
                </Annotation>
                <Annotation Term="UI.Facets">
                    <Collection>
                        <Record Type="UI.CollectionFacet">
                            <PropertyValue Property="Facets">
                                <Collection>
                                    <Record Type="UI.ReferenceFacet">
                                        <PropertyValue Property="Target" AnnotationPath="@UI.Identification"/>
                                    </Record>
                                </Collection>
                            </PropertyValue>
                            <Annotation Term="UI.IsSummary"/>
                        </Record>
                    </Collection>
                </Annotation>
            </Annotations>
            <Annotations
                xmlns="http://docs.oasis-open.org/odata/ns/edm" Target="CB_CUSTOMER_SRV.CUSTOMER_BANK_ACCOUN">
                <Annotation Term="UI.HeaderInfo">
                    <Record>
                        <PropertyValue Property="TypeName" String=""/>
                        <PropertyValue Property="TypeNamePlural" String=""/>
                        <PropertyValue Property="Title">
                            <Record Type="UI.DataField">
                                <PropertyValue Property="Value" Path="BankNumber"/>
                            </Record>
                        </PropertyValue>
                        <PropertyValue Property="Description">
                            <Record Type="UI.DataField">
                                <PropertyValue Property="Value" Path="BankAccount"/>
                            </Record>
                        </PropertyValue>
                    </Record>
                </Annotation>
                <Annotation Term="UI.Badge">
                    <Record>
                        <PropertyValue Property="HeadLine">
                            <Record Type="UI.DataField">
                                <PropertyValue Property="Value" String=""/>
                            </Record>
                        </PropertyValue>
                        <PropertyValue Property="Title">
                            <Record Type="UI.DataField">
                                <PropertyValue Property="Value" Path="BankNumber"/>
                            </Record>
                        </PropertyValue>
                        <PropertyValue Property="MainInfo">
                            <Record Type="UI.DataField">
                                <PropertyValue Property="Value" Path="BankAccount"/>
                            </Record>
                        </PropertyValue>
                    </Record>
                </Annotation>
                <Annotation Term="UI.Identification">
                    <Collection>
                        <Record Type="UI.DataField">
                            <PropertyValue Property="Value" Path="BankNumber"/>
                            <Annotation Term="UI.Importance" EnumMember="UI.ImportanceType/High"/>
                        </Record>
                        <Record Type="UI.DataField">
                            <PropertyValue Property="Value" Path="BankAccount"/>
                            <Annotation Term="UI.Importance" EnumMember="UI.ImportanceType/High"/>
                        </Record>
                    </Collection>
                </Annotation>
                <Annotation Term="UI.LineItem">
                    <Collection>
                        <Record Type="UI.DataField">
                            <PropertyValue Property="Value" Path="BankName"/>
                            <Annotation Term="UI.Importance" EnumMember="UI.ImportanceType/High"/>
                        </Record>
                        <Record Type="UI.DataField">
                            <PropertyValue Property="Value" Path="BankAccount"/>
                            <Annotation Term="UI.Importance" EnumMember="UI.ImportanceType/High"/>
                        </Record>
                        <Record Type="UI.DataField">
                            <PropertyValue Property="Value" Path="SWIFT"/>
                            <Annotation Term="UI.Importance" EnumMember="UI.ImportanceType/High"/>
                        </Record>
                        <Record Type="UI.DataField">
                            <PropertyValue Property="Value" Path="AccountHolder"/>
                            <Annotation Term="UI.Importance" EnumMember="UI.ImportanceType/High"/>
                        </Record>
                        <Record Type="UI.DataField">
                            <PropertyValue Property="Value" Path="CityName"/>
                            <Annotation Term="UI.Importance" EnumMember="UI.ImportanceType/High"/>
                        </Record>
                        <Record Type="UI.DataField">
                            <PropertyValue Property="Value" Path="CountryName"/>
                            <Annotation Term="UI.Importance" EnumMember="UI.ImportanceType/High"/>
                        </Record>
                    </Collection>
                </Annotation>
                <Annotation Term="UI.Facets">
                    <Collection>
                        <Record Type="UI.CollectionFacet">
                            <PropertyValue Property="Facets">
                                <Collection>
                                    <Record Type="UI.ReferenceFacet">
                                        <PropertyValue Property="Target" AnnotationPath="@UI.Identification"/>
                                    </Record>
                                </Collection>
                            </PropertyValue>
                            <Annotation Term="UI.IsSummary"/>
                        </Record>
                    </Collection>
                </Annotation>
            </Annotations>
            <Annotations
                xmlns="http://docs.oasis-open.org/odata/ns/edm" Target="CB_CUSTOMER_SRV.CONTACT_PERSON">
                <Annotation Term="vCard.Contact">
                    <Record Type="vCard.ContactType">
                        <PropertyValue Property="fn" Path="ContactPersonFullName"/>
                        <PropertyValue Property="title" Path="ContactPersonFunction2"/>
                        <PropertyValue Property="org" Path="ContactPersonDepartment2"/>
                        <PropertyValue Property="email">
                            <Record Type="vCard.EmailAddresType">
                                <PropertyValue Property="address" Path="ContactPersonEmail"/>
                            </Record>
                        </PropertyValue>
                        <PropertyValue Property="tel">
                            <Collection>
                                <Record Type="vCard.PhoneNumberType">
                                    <PropertyValue Property="uri">
                                        <Apply Function="odata.concat">
                                            <String>tel:</String>
                                            <Path>ContactPersonPhone</Path>
                                        </Apply>
                                    </PropertyValue>
                                    <PropertyValue Property="type" EnumMember="vCard.PhoneType/voice"/>
                                </Record>
                                <Record Type="vCard.PhoneNumberType">
                                    <PropertyValue Property="uri">
                                        <Apply Function="odata.concat">
                                            <String>tel:</String>
                                            <Path>ContactPersonMobile</Path>
                                        </Apply>
                                    </PropertyValue>
                                    <PropertyValue Property="type" EnumMember="vCard.PhoneType/cell"/>
                                </Record>
                            </Collection>
                        </PropertyValue>
                    </Record>
                </Annotation>
            </Annotations>
            <atom:link
                xmlns:atom="http://www.w3.org/2005/Atom" rel="self" href="./sap/opu/odata/sap/CB_CUSTOMER_SRV/$metadata"/>
                <atom:link
                    xmlns:atom="http://www.w3.org/2005/Atom" rel="latest-version" href="./sap/opu/odata/sap/CB_CUSTOMER_SRV/$metadata"/>
                </Schema>
            </edmx:DataServices>
        </edmx:Edmx>