<edmx:Edmx xmlns:edmx="http://schemas.microsoft.com/ado/2007/06/edmx"
	xmlns:m="http://schemas.microsoft.com/ado/2007/08/dataservices/metadata" xmlns:sap="http://www.sap.com/Protocols/SAPData" Version="1.0">
	<edmx:Reference xmlns:edmx="http://docs.oasis-open.org/odata/ns/edmx"
		Uri="https://tcid1gwapp1.tci.internal.toyota.ca:44300/sap/opu/odata/IWFND/CATALOGSERVICE;v=2/Vocabularies(TechnicalName='%2FIWBEP%2FVOC_COMMON',Version='0001',SAP__Origin='ZODATA')/$value">
		<edmx:Include Namespace="com.sap.vocabularies.Common.v1" Alias="Common"/>
	</edmx:Reference>
	<edmx:DataServices m:DataServiceVersion="2.0">
		<Schema xmlns="http://schemas.microsoft.com/ado/2008/09/edm" Namespace="Z_VEHICLE_MASTER_SRV" xml:lang="en" sap:schema-version="1">
			<EntityType Name="zvehicle_registration" sap:content-version="1">
				<Key>
					<PropertyRef Name="Endcustomer"/>
				</Key>
				<Property Name="Vehicleaction" Type="Edm.String" Nullable="false" MaxLength="4" sap:unicode="false" sap:label="Vehicleaction"
					sap:creatable="false" sap:updatable="false" sap:sortable="false" sap:filterable="false"/>
				<Property Name="Endcustomer" Type="Edm.String" Nullable="false" MaxLength="10" sap:unicode="false" sap:label="Endcustomer"/>
				<Property Name="Vehicleusage" Type="Edm.String" Nullable="false" MaxLength="2" sap:unicode="false" sap:label="Vehicleusage"
					sap:creatable="false" sap:updatable="false" sap:sortable="false" sap:filterable="false"/>
				<Property Name="Vehicle_id_type" Type="Edm.String" Nullable="false" MaxLength="1" sap:unicode="false" sap:label="Vehicle_id_type"
					sap:creatable="false" sap:updatable="false" sap:sortable="false" sap:filterable="false"/>
				<Property Name="Vehiclenumber" Type="Edm.String" Nullable="false" MaxLength="10" sap:unicode="false" sap:label="Vehiclenumber"
					sap:creatable="false" sap:updatable="false" sap:sortable="false" sap:filterable="false"/>
				<Property Name="Vehicleidentnumb" Type="Edm.String" Nullable="false" MaxLength="35" sap:unicode="false" sap:label="Vehicleidentnumb"
					sap:creatable="false" sap:updatable="false" sap:sortable="false" sap:filterable="false"/>
				<Property Name="Confirmation" Type="Edm.String" Nullable="false" MaxLength="100" sap:unicode="false" sap:label="Confirmation"
					sap:creatable="false" sap:updatable="false" sap:sortable="false" sap:filterable="false"/>
			</EntityType>
			<EntityType Name="Customer" sap:content-version="1">
				<Key>
					<PropertyRef Name="Endcustomer"/>
				</Key>
				<Property Name="Endcustomer" Type="Edm.String" Nullable="false" MaxLength="10" sap:unicode="false" sap:label="Endcustomer"/>
				<Property Name="Vehicleusage" Type="Edm.String" Nullable="false" MaxLength="2" sap:unicode="false" sap:label="Vehicleusage"
					sap:creatable="false" sap:updatable="false" sap:sortable="false" sap:filterable="false"/>
				<NavigationProperty Name="VehicleSet" Relationship="Z_VEHICLE_MASTER_SRV.CUSTOMERTOVEHICLES" FromRole="FromRole_CUSTOMERTOVEHICLES"
					ToRole="ToRole_CUSTOMERTOVEHICLES"/>
			</EntityType>
			<EntityType Name="Vehicle" sap:content-version="1">
				<Key>
					<PropertyRef Name="Endcustomer"/>
				</Key>
				<Property Name="Endcustomer" Type="Edm.String" Nullable="false" MaxLength="10" sap:unicode="false" sap:label="Vehicleidentnumb"/>
				<Property Name="Message" Type="Edm.String" Nullable="false" MaxLength="220" sap:unicode="false" sap:label="Message" sap:creatable="false"
					sap:updatable="false" sap:sortable="false" sap:filterable="false"/>
				<Property Name="Vehicleidentnumb" Type="Edm.String" Nullable="false" MaxLength="35" sap:unicode="false" sap:label="Vehicleidentnumb"
					sap:creatable="false" sap:updatable="false" sap:sortable="false" sap:filterable="false"/>
			</EntityType>
			<EntityType Name="ZC_FRDType" sap:label="For resource from table ZVMS_HOLD_STATUS" sap:content-version="1">
				<Key>
					<PropertyRef Name="vguid"/>
					<PropertyRef Name="z_location_code"/>
				</Key>
				<Property Name="vguid" Type="Edm.Guid" Nullable="false" sap:label="Vehicle GUID" sap:quickinfo="Vehicle GUID (Globally Unique IDentifier)"/>
				<Property Name="z_location_code" Type="Edm.String" Nullable="false" MaxLength="2" sap:display-format="UpperCase" sap:label="Location Code"/>
				<Property Name="z_release_date" Type="Edm.DateTime" Precision="0" sap:display-format="Date"
					sap:label="Date denotes till date Vehicle on Hold" sap:quickinfo="Date that denotes till which date is the Vehicle is on Hold"/>
			</EntityType>
			<EntityType Name="zc_accessoryType" sap:label="For resource from table ZVMS_PIO_DIO" sap:content-version="1">
				<Key>
					<PropertyRef Name="VehicleGUID"/>
				</Key>
				<Property Name="VehicleGUID" Type="Edm.Guid" Nullable="false" sap:label="Vehicle GUID"
					sap:quickinfo="Vehicle GUID (Globally Unique IDentifier)"/>
				<Property Name="zpart_number" Type="Edm.String" MaxLength="15" sap:display-format="UpperCase" sap:label="Part Number"/>
				<Property Name="z_pd_flag" Type="Edm.String" MaxLength="1" sap:display-format="UpperCase" sap:label="P/D Flag"/>
				<Property Name="zppo_code" Type="Edm.String" MaxLength="6" sap:display-format="NonNegative" sap:label="PPO Code"/>
				<Property Name="znap_access_cd" Type="Edm.String" MaxLength="2" sap:display-format="UpperCase" sap:label="NAP Accessory Code"/>
				<Property Name="z_item_code" Type="Edm.String" MaxLength="5" sap:display-format="UpperCase" sap:label="Item Code"/>
				<Property Name="zdi_ppo_loc" Type="Edm.String" MaxLength="2" sap:display-format="UpperCase" sap:label="Loc. Accessory Inst."
					sap:quickinfo="Location for Accessory Installation"/>
				<Property Name="zinstall_ind" Type="Edm.String" MaxLength="1" sap:display-format="UpperCase" sap:label="Installation Flag"/>
				<Property Name="zinst_timestamp" Type="Edm.String" MaxLength="12" sap:display-format="UpperCase" sap:label="Installation Timesta"
					sap:quickinfo="Installation Timestamp"/>
			</EntityType>
			<EntityType Name="zc_additional_customerType" sap:label="For resource from table ZVMS_PIO_DIO" sap:content-version="1">
				<Key>
					<PropertyRef Name="vguid"/>
					<PropertyRef Name="parrl"/>
					<PropertyRef Name="addcu"/>
					<PropertyRef Name="valid_from_date"/>
				</Key>
				<Property Name="vguid" Type="Edm.Guid" Nullable="false" sap:label="Vehicle GUID" sap:quickinfo="Vehicle GUID (Globally Unique IDentifier)"/>
				<Property Name="parrl" Type="Edm.String" Nullable="false" MaxLength="6" sap:display-format="UpperCase" sap:label="BP Role"/>
				<Property Name="addcu" Type="Edm.String" Nullable="false" MaxLength="10" sap:display-format="UpperCase" sap:label="End Customer"
					sap:quickinfo="End Customer (Central Business Partner)"/>
				<Property Name="valid_from_date" Type="Edm.DateTime" Nullable="false" Precision="0" sap:display-format="Date" sap:label="Valid From Date"
					sap:quickinfo="Date"/>
				<Property Name="valid_to_date" Type="Edm.DateTime" Precision="0" sap:display-format="Date" sap:label="Valid TO Date" sap:quickinfo="Date"/>
				<Property Name="tb003role" Type="Edm.String" MaxLength="6" sap:display-format="UpperCase" sap:label="Role" sap:quickinfo="BP Role"/>
				<Property Name="rolecategory" Type="Edm.String" MaxLength="6" sap:display-format="UpperCase" sap:label="BP Role Category"/>
				<Property Name="stnd_rolecat" Type="Edm.Boolean" sap:display-format="UpperCase" sap:label="Standard Assignment BP Role"
					sap:quickinfo="Indic.:Standard Assignment BP Role -> BP Role Category"/>
				<Property Name="xsuppress" Type="Edm.Boolean" sap:display-format="UpperCase" sap:label="Hide Business Partner Role in Dialog"
					sap:quickinfo="Indicator: Hide Business Partner Role in Dialog"/>
				<Property Name="posnr" Type="Edm.String" MaxLength="3" sap:display-format="NonNegative" sap:label="Position"
					sap:quickinfo="Position of Business Partner Role"/>
				<Property Name="rltitl" Type="Edm.String" MaxLength="25" sap:label="Title" sap:quickinfo="BP Role Title"/>
				<Property Name="rltxt" Type="Edm.String" MaxLength="50" sap:label="Description" sap:quickinfo="BP Role Description"/>
			</EntityType>
			<EntityType Name="zc_additional_dataType" sap:label="Vehicle additional data" sap:content-version="1">
				<Key>
					<PropertyRef Name="Qualifier"/>
					<PropertyRef Name="VehicleGUID"/>
				</Key>
				<Property Name="Qualifier" Type="Edm.String" Nullable="false" MaxLength="4" sap:display-format="UpperCase" sap:label="Qualifier"
					sap:quickinfo="Qualifier for Additional Data"/>
				<Property Name="VehicleGUID" Type="Edm.Guid" Nullable="false" sap:label="Vehicle GUID"
					sap:quickinfo="Vehicle GUID (Globally Unique IDentifier)"/>
				<Property Name="DataElement" Type="Edm.String" MaxLength="30" sap:display-format="UpperCase" sap:label="Data Element"
					sap:quickinfo="Data Element (Semantic Domain)"/>
				<Property Name="Qualifier_data" Type="Edm.String" MaxLength="4" sap:display-format="UpperCase" sap:label="Qualifier"
					sap:quickinfo="Qualifier for Additional Data"/>
				<Property Name="QualCharVal" Type="Edm.String" MaxLength="50" sap:display-format="UpperCase" sap:label="Qual. Char.Val."
					sap:quickinfo="Qualifier-Characteristic Value"/>
			</EntityType>
			<EntityType Name="zc_c_vehicleType" sap:label="Vehicle Data" sap:content-version="1">
				<Key>
					<PropertyRef Name="VehicleGUID"/>
				</Key>
				<Property Name="VehicleGUID" Type="Edm.Guid" Nullable="false" sap:label="Vehicle GUID"
					sap:quickinfo="Vehicle GUID (Globally Unique IDentifier)"/>
				<Property Name="VehicleModel" Type="Edm.String" MaxLength="40" sap:display-format="UpperCase" sap:label="Vehicle Model"
					sap:value-list="standard"/>
				<Property Name="ModelSeriesNo" Type="Edm.String" MaxLength="3" sap:display-format="UpperCase" sap:label="Model Series No"
					sap:quickinfo="TCI Series" sap:value-list="standard"/>
				<Property Name="InternalVehicleNumber" Type="Edm.String" MaxLength="10" sap:display-format="UpperCase" sap:label="Int. Veh. No."
					sap:quickinfo="Internal Vehicle Number"/>
				<Property Name="Vendor" Type="Edm.String" MaxLength="10" sap:display-format="UpperCase" sap:label="Vendor"/>
				<Property Name="EquipmentNumber" Type="Edm.String" MaxLength="18" sap:display-format="UpperCase" sap:label="Equipment"
					sap:quickinfo="Equipment Number"/>
				<Property Name="Plant" Type="Edm.String" MaxLength="4" sap:display-format="UpperCase" sap:label="Plant"/>
				<Property Name="ValuationType" Type="Edm.String" MaxLength="10" sap:display-format="UpperCase" sap:label="" sap:quickinfo="Valuation Type"/>
				<Property Name="Configuration" Type="Edm.String" MaxLength="18" sap:display-format="NonNegative" sap:label=""
					sap:quickinfo="Configuration (internal object number)"/>
				<Property Name="TypeOfDocumentForAction" Type="Edm.String" MaxLength="4" sap:display-format="UpperCase" sap:label="Action Document Type"
					sap:quickinfo="Type of Document for Action"/>
				<Property Name="ActionControlMMCTR" Type="Edm.String" MaxLength="4" sap:display-format="UpperCase" sap:label="Action Control"/>
				<Property Name="PrimaryStatus" Type="Edm.String" MaxLength="4" sap:display-format="UpperCase" sap:label="Primary Status"/>
				<Property Name="LongTimeStampMMTSP" Type="Edm.DateTimeOffset" Precision="7" sap:label="" sap:quickinfo="Long Time Stamp"/>
				<Property Name="ActionControlSDCTR" Type="Edm.String" MaxLength="4" sap:display-format="UpperCase" sap:label="Action Control"/>
				<Property Name="SecondaryStatus" Type="Edm.String" MaxLength="4" sap:display-format="UpperCase" sap:label="Secondary Status"/>
				<Property Name="Customer" Type="Edm.String" MaxLength="10" sap:display-format="UpperCase" sap:label="Customer"/>
				<Property Name="EndCustomer" Type="Edm.String" MaxLength="10" sap:display-format="UpperCase" sap:label="End Customer"
					sap:quickinfo="End Customer (Central Business Partner)"/>
				<Property Name="ExternalVehicleNumber" Type="Edm.String" MaxLength="35" sap:display-format="UpperCase" sap:label="Ext.Veh.Number"
					sap:quickinfo="External Vehicle Number"/>
				<Property Name="AvailabilityStatus" Type="Edm.String" MaxLength="2" sap:display-format="UpperCase" sap:label="Availability"
					sap:quickinfo="Availability Status"/>
				<Property Name="Visibility" Type="Edm.String" MaxLength="1" sap:display-format="UpperCase" sap:label="Visibility"/>
				<Property Name="VMSVehicleLocation" Type="Edm.String" MaxLength="10" sap:display-format="UpperCase" sap:label="Vehicle Location"
					sap:quickinfo="VMS-Vehicle Location"/>
				<Property Name="GrossListPriceOfVehicle" Type="Edm.Decimal" Precision="18" Scale="3" sap:unit="CurrencyOfVehiclePrice"
					sap:label="Gross List Price" sap:quickinfo="Gross List Price of Vehicle"/>
				<Property Name="CurrencyOfVehiclePrice" Type="Edm.String" MaxLength="5" sap:label="Currency" sap:quickinfo="Currency of Vehicle Price"
					sap:semantics="currency-code"/>
				<Property Name="ConfirmedDeliveryDate" Type="Edm.DateTimeOffset" Precision="0" sap:label="Confirmed Date"
					sap:quickinfo="Time Stamp for Confirmed Delivery Date"/>
				<Property Name="VehicleUsage" Type="Edm.String" MaxLength="2" sap:display-format="UpperCase" sap:label="Vehicle Usage"/>
				<Property Name="SalesCampaign" Type="Edm.String" MaxLength="10" sap:display-format="UpperCase" sap:label="Sales Campaign"/>
				<Property Name="CounterReading" Type="Edm.Decimal" Precision="7" Scale="0" sap:unit="FleetCounterUnit" sap:label="Counter reading"
					sap:quickinfo="Counter Reading"/>
				<Property Name="FleetCounterUnit" Type="Edm.String" MaxLength="3" sap:label="Counter unit" sap:quickinfo="Fleet counter unit"
					sap:semantics="unit-of-measure"/>
				<Property Name="InitialRegistrationDate" Type="Edm.DateTime" Precision="0" sap:display-format="Date" sap:label="Initial Registn.Date"
					sap:quickinfo="Initial Registration Date"/>
				<Property Name="VehicleSearchArea" Type="Edm.String" MaxLength="10" sap:display-format="UpperCase" sap:label="Veh.Search Area"
					sap:quickinfo="Vehicle Search Area"/>
				<Property Name="OriginalOrderingParty" Type="Edm.String" MaxLength="10" sap:display-format="UpperCase" sap:label="Orig. Ord. Pty"
					sap:quickinfo="Original Ordering Party of Vehicle"/>
				<Property Name="SharingLevelsForVehicleSearch" Type="Edm.String" MaxLength="2" sap:display-format="UpperCase" sap:label="Sharing Levels"
					sap:quickinfo="Sharing Levels for Vehicle Search"/>
				<Property Name="Archiving" Type="Edm.Boolean" sap:display-format="UpperCase" sap:label="Archiving"/>
				<Property Name="IsUsedVehicle" Type="Edm.Boolean" sap:display-format="UpperCase" sap:label="Used Vehicle"
					sap:quickinfo="Flag That Indicates That the Vehicle Is a Used Vehicle"/>
				<Property Name="ExteriorColourCode" Type="Edm.String" MaxLength="4" sap:display-format="UpperCase" sap:label="Exterior colour code"/>
				<Property Name="InteriorColourCode" Type="Edm.String" MaxLength="4" sap:display-format="UpperCase" sap:label="Trim / Interior Colo"
					sap:quickinfo="Trim / Interior Color"/>
				<Property Name="VehicleIdentificationNumber" Type="Edm.String" MaxLength="35" sap:label="VIN"
					sap:quickinfo="Vehicle Identification Number (Vehicle Identification No.)"/>
				<Property Name="ModelYear" Type="Edm.String" MaxLength="4" sap:display-format="UpperCase" sap:label="Model year"/>
				<Property Name="Suffix" Type="Edm.String" MaxLength="2" sap:display-format="UpperCase" sap:label="Suffix"/>
				<Property Name="DealershipPhysicalLocation" Type="Edm.String" MaxLength="1" sap:display-format="UpperCase" sap:label="Dealership physc.loc"
					sap:quickinfo="Dealership physical location"/>
				<Property Name="AddData1" Type="Edm.String" MaxLength="12" sap:display-format="UpperCase" sap:label="AddData1"/>
				<Property Name="AddData2" Type="Edm.String" MaxLength="12" sap:display-format="UpperCase" sap:label="AddData2"/>
				<Property Name="EFrom" Type="Edm.DateTimeOffset" Precision="0" sap:label="ETA From" sap:quickinfo="Time Stamp for Planned Delivery Time"/>
				<Property Name="AddData3" Type="Edm.String" MaxLength="12" sap:display-format="UpperCase" sap:label="AddData3"/>
				<Property Name="ETo" Type="Edm.DateTimeOffset" Precision="0" sap:label="ETA To" sap:quickinfo="Time Stamp for Planned Delivery Time"/>
				<Property Name="ETAFrom" Type="Edm.String" MaxLength="12" sap:display-format="UpperCase" sap:label="ETA From" sap:quickinfo="AddData4"/>
				<Property Name="ETATo" Type="Edm.String" MaxLength="12" sap:display-format="UpperCase" sap:label="ETA From" sap:quickinfo="AddData4"/>
				<Property Name="AddData5" Type="Edm.String" MaxLength="12" sap:display-format="UpperCase" sap:label="AddData5"/>
				<Property Name="AssignementType" Type="Edm.String" MaxLength="1" sap:display-format="UpperCase" sap:label="Assignement Type"/>
				<Property Name="ShipToDealer" Type="Edm.String" MaxLength="5" sap:display-format="UpperCase" sap:label="Ship to Dealer"/>
				<Property Name="ListUpdatePGMID" Type="Edm.String" MaxLength="32" sap:display-format="UpperCase" sap:label="List Update PGM ID"/>
				<Property Name="MisshipID" Type="Edm.String" MaxLength="1" sap:display-format="UpperCase" sap:label="Misship ID"/>
				<Property Name="DealerOrderNumber" Type="Edm.String" MaxLength="6" sap:display-format="UpperCase" sap:label="Dealer order number"/>
				<Property Name="SourcePlant" Type="Edm.String" MaxLength="1" sap:display-format="UpperCase" sap:label="Source Plant"/>
				<Property Name="RailTruckNo" Type="Edm.String" MaxLength="10" sap:display-format="UpperCase" sap:label="Rail Truck no."/>
				<Property Name="TCIVoyageNumberSequence" Type="Edm.String" MaxLength="4" sap:display-format="UpperCase" sap:label="TCI Voyage number sq"
					sap:quickinfo="TCI Voyage number sequence"/>
				<Property Name="Zone1" Type="Edm.String" MaxLength="1" sap:display-format="UpperCase" sap:label="Zone"/>
				<Property Name="GroupOrderNumber" Type="Edm.String" MaxLength="12" sap:display-format="UpperCase" sap:label="Group Order Number"/>
				<Property Name="KatashikiModel" Type="Edm.String" MaxLength="5" sap:display-format="UpperCase" sap:label="Katashiki Model"/>
				<Property Name="ProductionStatus" Type="Edm.String" MaxLength="1" sap:display-format="UpperCase" sap:label="Production Status"/>
				<Property Name="PriceConfirmation" Type="Edm.String" MaxLength="8" sap:display-format="NonNegative" sap:label="Price Confirmation"/>
				<Property Name="PlantReference" Type="Edm.String" MaxLength="6" sap:display-format="UpperCase" sap:label="Plant Reference"/>
				<Property Name="OrderCycle" Type="Edm.String" MaxLength="1" sap:display-format="UpperCase" sap:label="Order Cycle"/>
				<Property Name="KatashikiCode" Type="Edm.String" MaxLength="20" sap:display-format="UpperCase" sap:label="Katashiki Code"/>
				<Property Name="TCIOrderNumber" Type="Edm.String" MaxLength="12" sap:display-format="UpperCase" sap:label="TCI Order Number"/>
				<Property Name="ExtcolDescription" Type="Edm.String" MaxLength="30" sap:display-format="UpperCase" sap:label="Colour"
					sap:quickinfo="Interior Trim Description (EN)"/>
				<Property Name="Apx" Type="Edm.String" MaxLength="2" sap:display-format="UpperCase" sap:label="Apx"/>
				<NavigationProperty Name="to_accessory" Relationship="Z_VEHICLE_MASTER_SRV.assoc_080FDC1F6E5193A42E1E6ACFB20DE908"
					FromRole="FromRole_assoc_080FDC1F6E5193A42E1E6ACFB20DE908" ToRole="ToRole_assoc_080FDC1F6E5193A42E1E6ACFB20DE908"/>
				<NavigationProperty Name="to_addcustomerdata" Relationship="Z_VEHICLE_MASTER_SRV.assoc_A7880A150E550586C789C30F3FE5BE38"
					FromRole="FromRole_assoc_A7880A150E550586C789C30F3FE5BE38" ToRole="ToRole_assoc_A7880A150E550586C789C30F3FE5BE38"/>
				<NavigationProperty Name="to_additionaldata" Relationship="Z_VEHICLE_MASTER_SRV.assoc_3C2218A7F007AFFED515545146FF0187"
					FromRole="FromRole_assoc_3C2218A7F007AFFED515545146FF0187" ToRole="ToRole_assoc_3C2218A7F007AFFED515545146FF0187"/>
				<NavigationProperty Name="to_confichar" Relationship="Z_VEHICLE_MASTER_SRV.assoc_101A47B40B2C729817874865C94FC79A"
					FromRole="FromRole_assoc_101A47B40B2C729817874865C94FC79A" ToRole="ToRole_assoc_101A47B40B2C729817874865C94FC79A"/>
				<NavigationProperty Name="to_frd" Relationship="Z_VEHICLE_MASTER_SRV.assoc_3FDACD51CC15A0375E3A1E670ADF0F18"
					FromRole="FromRole_assoc_3FDACD51CC15A0375E3A1E670ADF0F18" ToRole="ToRole_assoc_3FDACD51CC15A0375E3A1E670ADF0F18"/>
				<NavigationProperty Name="to_history" Relationship="Z_VEHICLE_MASTER_SRV.assoc_C89EB9216C92E2496B85EFEAF2F9BA40"
					FromRole="FromRole_assoc_C89EB9216C92E2496B85EFEAF2F9BA40" ToRole="ToRole_assoc_C89EB9216C92E2496B85EFEAF2F9BA40"/>
				<NavigationProperty Name="to_model" Relationship="Z_VEHICLE_MASTER_SRV.assoc_59D69F3A4B8B481DE60CF985B57BC958"
					FromRole="FromRole_assoc_59D69F3A4B8B481DE60CF985B57BC958" ToRole="ToRole_assoc_59D69F3A4B8B481DE60CF985B57BC958"/>
				<NavigationProperty Name="to_series" Relationship="Z_VEHICLE_MASTER_SRV.assoc_B3F16EDC99BCA2FD0114A2524A5EE67F"
					FromRole="FromRole_assoc_B3F16EDC99BCA2FD0114A2524A5EE67F" ToRole="ToRole_assoc_B3F16EDC99BCA2FD0114A2524A5EE67F"/>
			</EntityType>
			<EntityType Name="zc_configuration_charType" sap:label="Vehicle additional data" sap:content-version="1">
				<Key>
					<PropertyRef Name="in_recno"/>
				</Key>
				<Property Name="in_recno" Type="Edm.Guid" Nullable="false" sap:label="Record number" sap:quickinfo="IB: Unique record number"/>
				<Property Name="atwrt" Type="Edm.String" MaxLength="70" sap:label="Characteristic Value"/>
				<Property Name="atinn" Type="Edm.String" MaxLength="30" sap:display-format="NonNegative" sap:label="Internal char no."
					sap:quickinfo="Internal characteristic"/>
				<Property Name="instance" Type="Edm.String" MaxLength="18" sap:display-format="NonNegative" sap:label="IBase component"
					sap:quickinfo="IB: Component (instance)"/>
				<Property Name="spras" Type="Edm.String" MaxLength="2" sap:label="Language Key"/>
				<Property Name="atbez" Type="Edm.String" MaxLength="30" sap:label="Char. description" sap:quickinfo="Characteristic description"/>
			</EntityType>
			<EntityType Name="zc_exterior_trimType" sap:label="For exterior trim information" sap:content-version="1">
				<Key>
					<PropertyRef Name="Model"/>
					<PropertyRef Name="ModelYear"/>
					<PropertyRef Name="Suffix"/>
					<PropertyRef Name="TrimInteriorColor"/>
					<PropertyRef Name="ExteriorColorCode"/>
					<PropertyRef Name="InteriorColor"/>
				</Key>
				<Property Name="Model" Type="Edm.String" Nullable="false" MaxLength="7" sap:display-format="UpperCase" sap:label="Model"/>
				<Property Name="ModelYear" Type="Edm.String" Nullable="false" MaxLength="4" sap:display-format="UpperCase" sap:label="Model Year"
					sap:quickinfo="Model year"/>
				<Property Name="Suffix" Type="Edm.String" Nullable="false" MaxLength="2" sap:display-format="UpperCase" sap:label="Suffix"/>
				<Property Name="TrimInteriorColor" Type="Edm.String" Nullable="false" MaxLength="4" sap:display-format="UpperCase"
					sap:label="Trim / Interior Color"/>
				<Property Name="ExteriorColorCode" Type="Edm.String" Nullable="false" MaxLength="4" sap:display-format="UpperCase"
					sap:label="Exterior colour code"/>
				<Property Name="InteriorColor" Type="Edm.String" Nullable="false" MaxLength="2" sap:display-format="UpperCase" sap:label="Interior Color"/>
				<Property Name="MarketingTrimInteriorDescEN" Type="Edm.String" MaxLength="30" sap:display-format="UpperCase"
					sap:label="Marketing Trim/Interior Description (EN)" sap:quickinfo="Marketing Trim / Interior Description (EN)"/>
				<Property Name="MarketingTrimInteriorDescFR" Type="Edm.String" MaxLength="30" sap:display-format="UpperCase"
					sap:label="Marketing Trim/Interior Description (FR)" sap:quickinfo="Marketing Trim / Interior Description (FR)"/>
				<Property Name="EXTINTStartDate" Type="Edm.DateTime" Precision="0" sap:display-format="Date" sap:label="EXT/INT Start Date"/>
				<Property Name="EXTINTEndDate" Type="Edm.DateTime" Precision="0" sap:display-format="Date" sap:label="EXT/INT End date"/>
				<Property Name="Visibility" Type="Edm.String" MaxLength="1" sap:display-format="UpperCase" sap:label="Visibility"/>
				<Property Name="ExteriorDescriptionEN" Type="Edm.String" MaxLength="50" sap:display-format="UpperCase" sap:label="Exterior Description (EN)"/>
				<Property Name="MarketingDescriptionEXTColorEN" Type="Edm.String" MaxLength="50" sap:display-format="UpperCase"
					sap:label="Marketing Description for EXT Color (EN)"/>
				<Property Name="MarketingDescriptionEXTColorFR" Type="Edm.String" MaxLength="50" sap:display-format="UpperCase"
					sap:label="Marketing Description for EXT Color (FR)"/>
				<Property Name="NVISDescriptionEXTColorEN" Type="Edm.String" MaxLength="3" sap:display-format="UpperCase"
					sap:label="NVIS Description for EXT Color (EN)" sap:quickinfo="Exterior Colour Description NVIS (EN)"/>
				<Property Name="NVISDescriptionEXTColorFR" Type="Edm.String" MaxLength="3" sap:display-format="UpperCase"
					sap:label="NVIS Description for EXT Color (FR)" sap:quickinfo="Exterior Colour Description NVIS (FR)"/>
				<Property Name="InteriorDescriptionEN" Type="Edm.String" MaxLength="30" sap:display-format="UpperCase" sap:label="Interior Description (EN)"/>
				<Property Name="InteriorTrimCode" Type="Edm.String" MaxLength="2" sap:display-format="UpperCase" sap:label="Interior Trim Code"/>
				<Property Name="InteriorTrimDescriptionEN" Type="Edm.String" MaxLength="30" sap:display-format="UpperCase"
					sap:label="Interior Trim Description (EN)"/>
			</EntityType>
			<EntityType Name="zc_historyType" sap:label="Vehicle History" sap:content-version="1">
				<Key>
					<PropertyRef Name="VehicleGUID"/>
				</Key>
				<Property Name="VehicleGUID" Type="Edm.Guid" Nullable="false" sap:label="Vehicle GUID"
					sap:quickinfo="Vehicle GUID (Globally Unique IDentifier)"/>
				<Property Name="tstmp" Type="Edm.DateTimeOffset" Precision="7" sap:label="Time Stamp" sap:quickinfo="Long Time Stamp"/>
				<Property Name="actdoctype" Type="Edm.String" MaxLength="4" sap:display-format="UpperCase" sap:label="Action Document Type"
					sap:quickinfo="Type of Document for Action"/>
				<Property Name="action" Type="Edm.String" MaxLength="4" sap:display-format="UpperCase" sap:label="Action"/>
				<Property Name="mmctr" Type="Edm.String" MaxLength="4" sap:display-format="UpperCase" sap:label="Action Control"/>
				<Property Name="mmsta_new" Type="Edm.String" MaxLength="4" sap:display-format="UpperCase" sap:label="Primary Status"/>
				<Property Name="sdctr" Type="Edm.String" MaxLength="4" sap:display-format="UpperCase" sap:label="Action Control"/>
				<Property Name="sdsta_new" Type="Edm.String" MaxLength="4" sap:display-format="UpperCase" sap:label="Primary Status"/>
				<Property Name="loctn" Type="Edm.String" MaxLength="10" sap:display-format="UpperCase" sap:label="Vehicle Location"
					sap:quickinfo="VMS-Vehicle Location"/>
				<Property Name="kunnr" Type="Edm.String" MaxLength="10" sap:display-format="UpperCase" sap:label="Customer"/>
			</EntityType>
			<EntityType Name="zc_mmfieldsType" sap:label="Vehicle MM Fields" sap:content-version="1">
				<Key>
					<PropertyRef Name="ModelSeriesNo"/>
					<PropertyRef Name="Division"/>
				</Key>
				<Property Name="ModelSeriesNo" Type="Edm.String" Nullable="false" MaxLength="3" sap:display-format="UpperCase" sap:label="TCI Series"/>
				<Property Name="Division" Type="Edm.String" Nullable="false" MaxLength="3" sap:display-format="UpperCase" sap:label="Division"/>
				<Property Name="TCIModelDescriptionEN" Type="Edm.String" MaxLength="50" sap:display-format="UpperCase" sap:label="TCI Series Descr. EN"
					sap:quickinfo="TCI Series Description (EN)"/>
				<Property Name="TCIModelDescriptionFR" Type="Edm.String" MaxLength="50" sap:display-format="UpperCase" sap:label="TCI Series Descr. FR"
					sap:quickinfo="TCI Series Description (FR)"/>
				<Property Name="SeriesSequenceNumber" Type="Edm.String" MaxLength="3" sap:display-format="UpperCase" sap:label="Series Sequence Numb"
					sap:quickinfo="Series Sequence Number"/>
				<Property Name="ProfitCenter" Type="Edm.String" MaxLength="10" sap:display-format="NonNegative" sap:label="Profit Center"/>
				<Property Name="ProductHierarchy" Type="Edm.String" MaxLength="18" sap:display-format="UpperCase" sap:label="Product Hierarchy"/>
				<NavigationProperty Name="to_series" Relationship="Z_VEHICLE_MASTER_SRV.assoc_AFD9414253B480A4D54B337A7973126C"
					FromRole="FromRole_assoc_AFD9414253B480A4D54B337A7973126C" ToRole="ToRole_assoc_AFD9414253B480A4D54B337A7973126C"/>
			</EntityType>
			<EntityType Name="zc_modelType" sap:label="For model information" sap:content-version="1">
				<Key>
					<PropertyRef Name="Model"/>
				</Key>
				<Property Name="Model" Type="Edm.String" Nullable="false" MaxLength="7" sap:display-format="UpperCase" sap:label="Model"/>
				<Property Name="Brand" Type="Edm.String" MaxLength="6" sap:display-format="UpperCase" sap:label="Brand"/>
				<Property Name="ModelDescriptionEN" Type="Edm.String" MaxLength="40" sap:display-format="UpperCase" sap:label="Model Description(E)"
					sap:quickinfo="Model Description (EN)"/>
				<Property Name="ModelDescriptionFR" Type="Edm.String" MaxLength="40" sap:display-format="UpperCase" sap:label="Model Description(F)"
					sap:quickinfo="Model Description (FR)"/>
				<Property Name="JapanSeries" Type="Edm.String" MaxLength="2" sap:display-format="UpperCase" sap:label="Japan Series"/>
				<Property Name="JapanSeriesDescription" Type="Edm.String" MaxLength="50" sap:display-format="UpperCase" sap:label="Japan Series Descrip"
					sap:quickinfo="Japan Series Description"/>
				<Property Name="JapanSubSeries" Type="Edm.String" MaxLength="2" sap:display-format="UpperCase" sap:label="Japan Sub series"/>
				<Property Name="JapanSubSeriesDescription" Type="Edm.String" MaxLength="50" sap:display-format="UpperCase" sap:label="Japan Sub Series Des"
					sap:quickinfo="Japan Sub Series Description"/>
				<Property Name="TCIModelSeriesNo" Type="Edm.String" MaxLength="3" sap:display-format="UpperCase" sap:label="TCI Series"/>
				<Property Name="Active" Type="Edm.String" MaxLength="1" sap:display-format="UpperCase" sap:label="Active"/>
				<Property Name="EffectiveStartDateofModel" Type="Edm.DateTime" Precision="0" sap:display-format="Date" sap:label="Effective Start Date"
					sap:quickinfo="Effective Start Date of Model"/>
				<Property Name="EffectiveEndDateofModel" Type="Edm.DateTime" Precision="0" sap:display-format="Date" sap:label="Effective End Date"
					sap:quickinfo="Effective End Date of Model"/>
				<NavigationProperty Name="to_mmfields" Relationship="Z_VEHICLE_MASTER_SRV.assoc_179DA9FDC30AF95EDA018549023DB4D2"
					FromRole="FromRole_assoc_179DA9FDC30AF95EDA018549023DB4D2" ToRole="ToRole_assoc_179DA9FDC30AF95EDA018549023DB4D2"/>
				<NavigationProperty Name="to_modelyear" Relationship="Z_VEHICLE_MASTER_SRV.assoc_89CEEECFC0CEFE42F374DF8CAD532ABA"
					FromRole="FromRole_assoc_89CEEECFC0CEFE42F374DF8CAD532ABA" ToRole="ToRole_assoc_89CEEECFC0CEFE42F374DF8CAD532ABA"/>
			</EntityType>
			<EntityType Name="zc_myearType" sap:label="Model year data" sap:content-version="1">
				<Key>
					<PropertyRef Name="Model"/>
					<PropertyRef Name="ModelYear"/>
					<PropertyRef Name="PSCCode"/>
					<PropertyRef Name="SourcePlant"/>
				</Key>
				<Property Name="Model" Type="Edm.String" Nullable="false" MaxLength="7" sap:display-format="UpperCase" sap:label="Model"/>
				<Property Name="ModelYear" Type="Edm.String" Nullable="false" MaxLength="4" sap:display-format="UpperCase" sap:label="Model year"/>
				<Property Name="PSCCode" Type="Edm.String" Nullable="false" MaxLength="2" sap:display-format="UpperCase" sap:label="PSC Code"/>
				<Property Name="SourcePlant" Type="Edm.String" Nullable="false" MaxLength="1" sap:display-format="UpperCase" sap:label="Source Plant"/>
				<Property Name="JapanCodeTMCKatashikiCode" Type="Edm.String" MaxLength="5" sap:display-format="UpperCase" sap:label="Japan Code (TMC Kata"
					sap:quickinfo="Japan Code (TMC Katashiki Code)"/>
				<Property Name="KatashikiCode" Type="Edm.String" MaxLength="20" sap:display-format="UpperCase" sap:label="Katashiki Code"/>
				<Property Name="BodyType" Type="Edm.String" MaxLength="20" sap:display-format="UpperCase" sap:label="Body Type"/>
				<Property Name="Engine" Type="Edm.String" MaxLength="20" sap:display-format="UpperCase" sap:label="Engine"/>
				<Property Name="Transmission" Type="Edm.String" MaxLength="20" sap:display-format="UpperCase" sap:label="Transmission"/>
				<Property Name="Grade" Type="Edm.String" MaxLength="20" sap:display-format="UpperCase" sap:label="Grade"/>
				<Property Name="StartProduction" Type="Edm.DateTime" Precision="0" sap:display-format="Date" sap:label="Start Production"/>
				<Property Name="EndProduction" Type="Edm.DateTime" Precision="0" sap:display-format="Date" sap:label="End Production"/>
				<Property Name="StartLineoff" Type="Edm.DateTime" Precision="0" sap:display-format="Date" sap:label="Start Line off"/>
				<Property Name="EndLineoff" Type="Edm.DateTime" Precision="0" sap:display-format="Date" sap:label="End Line off"/>
				<Property Name="TOMSSeriesDescription" Type="Edm.String" MaxLength="30" sap:display-format="UpperCase" sap:label="TOMS series descript"
					sap:quickinfo="TOMS series description"/>
				<NavigationProperty Name="to_moyr" Relationship="Z_VEHICLE_MASTER_SRV.assoc_5808EBEE247FDF70EC2E26D0828AA2FC"
					FromRole="FromRole_assoc_5808EBEE247FDF70EC2E26D0828AA2FC" ToRole="ToRole_assoc_5808EBEE247FDF70EC2E26D0828AA2FC"/>
			</EntityType>
			<Association Name="assoc_080FDC1F6E5193A42E1E6ACFB20DE908" sap:content-version="1">
				<End Type="Z_VEHICLE_MASTER_SRV.zc_c_vehicleType" Multiplicity="1" Role="FromRole_assoc_080FDC1F6E5193A42E1E6ACFB20DE908"/>
				<End Type="Z_VEHICLE_MASTER_SRV.zc_accessoryType" Multiplicity="1" Role="ToRole_assoc_080FDC1F6E5193A42E1E6ACFB20DE908"/>
				<ReferentialConstraint>
					<Principal Role="FromRole_assoc_080FDC1F6E5193A42E1E6ACFB20DE908">
						<PropertyRef Name="VehicleGUID"/>
					</Principal>
					<Dependent Role="ToRole_assoc_080FDC1F6E5193A42E1E6ACFB20DE908">
						<PropertyRef Name="VehicleGUID"/>
					</Dependent>
				</ReferentialConstraint>
			</Association>
			<Association Name="assoc_A7880A150E550586C789C30F3FE5BE38" sap:content-version="1">
				<End Type="Z_VEHICLE_MASTER_SRV.zc_c_vehicleType" Multiplicity="1" Role="FromRole_assoc_A7880A150E550586C789C30F3FE5BE38"/>
				<End Type="Z_VEHICLE_MASTER_SRV.zc_additional_customerType" Multiplicity="*" Role="ToRole_assoc_A7880A150E550586C789C30F3FE5BE38"/>
				<ReferentialConstraint>
					<Principal Role="FromRole_assoc_A7880A150E550586C789C30F3FE5BE38">
						<PropertyRef Name="VehicleGUID"/>
					</Principal>
					<Dependent Role="ToRole_assoc_A7880A150E550586C789C30F3FE5BE38">
						<PropertyRef Name="vguid"/>
					</Dependent>
				</ReferentialConstraint>
			</Association>
			<Association Name="assoc_3C2218A7F007AFFED515545146FF0187" sap:content-version="1">
				<End Type="Z_VEHICLE_MASTER_SRV.zc_c_vehicleType" Multiplicity="1" Role="FromRole_assoc_3C2218A7F007AFFED515545146FF0187"/>
				<End Type="Z_VEHICLE_MASTER_SRV.zc_additional_dataType" Multiplicity="*" Role="ToRole_assoc_3C2218A7F007AFFED515545146FF0187"/>
				<ReferentialConstraint>
					<Principal Role="FromRole_assoc_3C2218A7F007AFFED515545146FF0187">
						<PropertyRef Name="VehicleGUID"/>
					</Principal>
					<Dependent Role="ToRole_assoc_3C2218A7F007AFFED515545146FF0187">
						<PropertyRef Name="VehicleGUID"/>
					</Dependent>
				</ReferentialConstraint>
			</Association>
			<Association Name="assoc_101A47B40B2C729817874865C94FC79A" sap:content-version="1">
				<End Type="Z_VEHICLE_MASTER_SRV.zc_c_vehicleType" Multiplicity="1" Role="FromRole_assoc_101A47B40B2C729817874865C94FC79A"/>
				<End Type="Z_VEHICLE_MASTER_SRV.zc_configuration_charType" Multiplicity="1" Role="ToRole_assoc_101A47B40B2C729817874865C94FC79A"/>
				<ReferentialConstraint>
					<Principal Role="FromRole_assoc_101A47B40B2C729817874865C94FC79A">
						<PropertyRef Name="VehicleGUID"/>
					</Principal>
					<Dependent Role="ToRole_assoc_101A47B40B2C729817874865C94FC79A">
						<PropertyRef Name="in_recno"/>
					</Dependent>
				</ReferentialConstraint>
			</Association>
			<Association Name="assoc_3FDACD51CC15A0375E3A1E670ADF0F18" sap:content-version="1">
				<End Type="Z_VEHICLE_MASTER_SRV.zc_c_vehicleType" Multiplicity="1" Role="FromRole_assoc_3FDACD51CC15A0375E3A1E670ADF0F18"/>
				<End Type="Z_VEHICLE_MASTER_SRV.ZC_FRDType" Multiplicity="*" Role="ToRole_assoc_3FDACD51CC15A0375E3A1E670ADF0F18"/>
				<ReferentialConstraint>
					<Principal Role="FromRole_assoc_3FDACD51CC15A0375E3A1E670ADF0F18">
						<PropertyRef Name="VehicleGUID"/>
					</Principal>
					<Dependent Role="ToRole_assoc_3FDACD51CC15A0375E3A1E670ADF0F18">
						<PropertyRef Name="vguid"/>
					</Dependent>
				</ReferentialConstraint>
			</Association>
			<Association Name="assoc_C89EB9216C92E2496B85EFEAF2F9BA40" sap:content-version="1">
				<End Type="Z_VEHICLE_MASTER_SRV.zc_c_vehicleType" Multiplicity="1" Role="FromRole_assoc_C89EB9216C92E2496B85EFEAF2F9BA40"/>
				<End Type="Z_VEHICLE_MASTER_SRV.zc_historyType" Multiplicity="1" Role="ToRole_assoc_C89EB9216C92E2496B85EFEAF2F9BA40"/>
				<ReferentialConstraint>
					<Principal Role="FromRole_assoc_C89EB9216C92E2496B85EFEAF2F9BA40">
						<PropertyRef Name="VehicleGUID"/>
					</Principal>
					<Dependent Role="ToRole_assoc_C89EB9216C92E2496B85EFEAF2F9BA40">
						<PropertyRef Name="VehicleGUID"/>
					</Dependent>
				</ReferentialConstraint>
			</Association>
			<Association Name="assoc_59D69F3A4B8B481DE60CF985B57BC958" sap:content-version="1">
				<End Type="Z_VEHICLE_MASTER_SRV.zc_c_vehicleType" Multiplicity="1" Role="FromRole_assoc_59D69F3A4B8B481DE60CF985B57BC958"/>
				<End Type="Z_VEHICLE_MASTER_SRV.zc_modelType" Multiplicity="1" Role="ToRole_assoc_59D69F3A4B8B481DE60CF985B57BC958"/>
				<ReferentialConstraint>
					<Principal Role="ToRole_assoc_59D69F3A4B8B481DE60CF985B57BC958">
						<PropertyRef Name="Model"/>
					</Principal>
					<Dependent Role="FromRole_assoc_59D69F3A4B8B481DE60CF985B57BC958">
						<PropertyRef Name="VehicleModel"/>
					</Dependent>
				</ReferentialConstraint>
			</Association>
			<Association Name="assoc_B3F16EDC99BCA2FD0114A2524A5EE67F" sap:content-version="1">
				<End Type="Z_VEHICLE_MASTER_SRV.zc_c_vehicleType" Multiplicity="1" Role="FromRole_assoc_B3F16EDC99BCA2FD0114A2524A5EE67F"/>
				<End Type="Z_VEHICLE_MASTER_SRV.zc_mmfieldsType" Multiplicity="*" Role="ToRole_assoc_B3F16EDC99BCA2FD0114A2524A5EE67F"/>
			</Association>
			<Association Name="assoc_AFD9414253B480A4D54B337A7973126C" sap:content-version="1">
				<End Type="Z_VEHICLE_MASTER_SRV.zc_mmfieldsType" Multiplicity="1" Role="FromRole_assoc_AFD9414253B480A4D54B337A7973126C"/>
				<End Type="Z_VEHICLE_MASTER_SRV.zc_c_vehicleType" Multiplicity="*" Role="ToRole_assoc_AFD9414253B480A4D54B337A7973126C"/>
			</Association>
			<Association Name="CUSTOMERTOVEHICLES" sap:content-version="1">
				<End Type="Z_VEHICLE_MASTER_SRV.Customer" Multiplicity="1" Role="FromRole_CUSTOMERTOVEHICLES"/>
				<End Type="Z_VEHICLE_MASTER_SRV.Vehicle" Multiplicity="*" Role="ToRole_CUSTOMERTOVEHICLES"/>
				<ReferentialConstraint>
					<Principal Role="FromRole_CUSTOMERTOVEHICLES">
						<PropertyRef Name="Endcustomer"/>
					</Principal>
					<Dependent Role="ToRole_CUSTOMERTOVEHICLES">
						<PropertyRef Name="Endcustomer"/>
					</Dependent>
				</ReferentialConstraint>
			</Association>
			<Association Name="assoc_179DA9FDC30AF95EDA018549023DB4D2" sap:content-version="1">
				<End Type="Z_VEHICLE_MASTER_SRV.zc_modelType" Multiplicity="1" Role="FromRole_assoc_179DA9FDC30AF95EDA018549023DB4D2"/>
				<End Type="Z_VEHICLE_MASTER_SRV.zc_mmfieldsType" Multiplicity="*" Role="ToRole_assoc_179DA9FDC30AF95EDA018549023DB4D2"/>
			</Association>
			<Association Name="assoc_89CEEECFC0CEFE42F374DF8CAD532ABA" sap:content-version="1">
				<End Type="Z_VEHICLE_MASTER_SRV.zc_modelType" Multiplicity="1" Role="FromRole_assoc_89CEEECFC0CEFE42F374DF8CAD532ABA"/>
				<End Type="Z_VEHICLE_MASTER_SRV.zc_myearType" Multiplicity="*" Role="ToRole_assoc_89CEEECFC0CEFE42F374DF8CAD532ABA"/>
				<ReferentialConstraint>
					<Principal Role="FromRole_assoc_89CEEECFC0CEFE42F374DF8CAD532ABA">
						<PropertyRef Name="Model"/>
					</Principal>
					<Dependent Role="ToRole_assoc_89CEEECFC0CEFE42F374DF8CAD532ABA">
						<PropertyRef Name="Model"/>
					</Dependent>
				</ReferentialConstraint>
			</Association>
			<Association Name="assoc_5808EBEE247FDF70EC2E26D0828AA2FC" sap:content-version="1">
				<End Type="Z_VEHICLE_MASTER_SRV.zc_myearType" Multiplicity="1" Role="FromRole_assoc_5808EBEE247FDF70EC2E26D0828AA2FC"/>
				<End Type="Z_VEHICLE_MASTER_SRV.zc_c_vehicleType" Multiplicity="*" Role="ToRole_assoc_5808EBEE247FDF70EC2E26D0828AA2FC"/>
			</Association>
			<EntityContainer Name="Z_VEHICLE_MASTER_SRV_Entities" m:IsDefaultEntityContainer="true" sap:supported-formats="atom json xlsx">
				<EntitySet Name="ZC_FRD" EntityType="Z_VEHICLE_MASTER_SRV.ZC_FRDType" sap:creatable="false" sap:updatable="false" sap:deletable="false"
					sap:content-version="1"/>
				<EntitySet Name="zc_accessory" EntityType="Z_VEHICLE_MASTER_SRV.zc_accessoryType" sap:creatable="false" sap:updatable="false"
					sap:deletable="false" sap:content-version="1"/>
				<EntitySet Name="zc_additional_customer" EntityType="Z_VEHICLE_MASTER_SRV.zc_additional_customerType" sap:creatable="false"
					sap:updatable="false" sap:deletable="false" sap:content-version="1"/>
				<EntitySet Name="zc_additional_data" EntityType="Z_VEHICLE_MASTER_SRV.zc_additional_dataType" sap:creatable="false" sap:updatable="false"
					sap:deletable="false" sap:content-version="1"/>
				<EntitySet Name="zc_c_vehicle" EntityType="Z_VEHICLE_MASTER_SRV.zc_c_vehicleType" sap:creatable="false" sap:updatable="false"
					sap:deletable="false" sap:searchable="true" sap:content-version="1"/>
				<EntitySet Name="zc_configuration_char" EntityType="Z_VEHICLE_MASTER_SRV.zc_configuration_charType" sap:creatable="false"
					sap:updatable="false" sap:deletable="false" sap:content-version="1"/>
				<EntitySet Name="zc_exterior_trim" EntityType="Z_VEHICLE_MASTER_SRV.zc_exterior_trimType" sap:creatable="false" sap:updatable="false"
					sap:deletable="false" sap:content-version="1"/>
				<EntitySet Name="zc_history" EntityType="Z_VEHICLE_MASTER_SRV.zc_historyType" sap:creatable="false" sap:updatable="false"
					sap:deletable="false" sap:content-version="1"/>
				<EntitySet Name="zc_mmfields" EntityType="Z_VEHICLE_MASTER_SRV.zc_mmfieldsType" sap:creatable="false" sap:updatable="false"
					sap:deletable="false" sap:searchable="true" sap:content-version="1"/>
				<EntitySet Name="zc_model" EntityType="Z_VEHICLE_MASTER_SRV.zc_modelType" sap:creatable="false" sap:updatable="false" sap:deletable="false"
					sap:searchable="true" sap:content-version="1"/>
				<EntitySet Name="zc_myear" EntityType="Z_VEHICLE_MASTER_SRV.zc_myearType" sap:creatable="false" sap:updatable="false" sap:deletable="false"
					sap:searchable="true" sap:content-version="1"/>
				<EntitySet Name="zvehicle_registration" EntityType="Z_VEHICLE_MASTER_SRV.zvehicle_registration" sap:creatable="false" sap:updatable="false"
					sap:deletable="false" sap:pageable="false" sap:addressable="false" sap:content-version="1"/>
				<EntitySet Name="CustomerSet" EntityType="Z_VEHICLE_MASTER_SRV.Customer" sap:creatable="false" sap:updatable="false" sap:deletable="false"
					sap:pageable="false" sap:addressable="false" sap:content-version="1"/>
				<EntitySet Name="VehicleSet" EntityType="Z_VEHICLE_MASTER_SRV.Vehicle" sap:creatable="false" sap:updatable="false" sap:deletable="false"
					sap:pageable="false" sap:addressable="false" sap:content-version="1"/>
				<AssociationSet Name="assoc_AFD9414253B480A4D54B337A7973126C" Association="Z_VEHICLE_MASTER_SRV.assoc_AFD9414253B480A4D54B337A7973126C"
					sap:creatable="false" sap:updatable="false" sap:deletable="false" sap:content-version="1">
					<End EntitySet="zc_mmfields" Role="FromRole_assoc_AFD9414253B480A4D54B337A7973126C"/>
					<End EntitySet="zc_c_vehicle" Role="ToRole_assoc_AFD9414253B480A4D54B337A7973126C"/>
				</AssociationSet>
				<AssociationSet Name="assoc_B3F16EDC99BCA2FD0114A2524A5EE67F" Association="Z_VEHICLE_MASTER_SRV.assoc_B3F16EDC99BCA2FD0114A2524A5EE67F"
					sap:creatable="false" sap:updatable="false" sap:deletable="false" sap:content-version="1">
					<End EntitySet="zc_c_vehicle" Role="FromRole_assoc_B3F16EDC99BCA2FD0114A2524A5EE67F"/>
					<End EntitySet="zc_mmfields" Role="ToRole_assoc_B3F16EDC99BCA2FD0114A2524A5EE67F"/>
				</AssociationSet>
				<AssociationSet Name="assoc_101A47B40B2C729817874865C94FC79A" Association="Z_VEHICLE_MASTER_SRV.assoc_101A47B40B2C729817874865C94FC79A"
					sap:creatable="false" sap:updatable="false" sap:deletable="false" sap:content-version="1">
					<End EntitySet="zc_c_vehicle" Role="FromRole_assoc_101A47B40B2C729817874865C94FC79A"/>
					<End EntitySet="zc_configuration_char" Role="ToRole_assoc_101A47B40B2C729817874865C94FC79A"/>
				</AssociationSet>
				<AssociationSet Name="assoc_080FDC1F6E5193A42E1E6ACFB20DE908" Association="Z_VEHICLE_MASTER_SRV.assoc_080FDC1F6E5193A42E1E6ACFB20DE908"
					sap:creatable="false" sap:updatable="false" sap:deletable="false" sap:content-version="1">
					<End EntitySet="zc_c_vehicle" Role="FromRole_assoc_080FDC1F6E5193A42E1E6ACFB20DE908"/>
					<End EntitySet="zc_accessory" Role="ToRole_assoc_080FDC1F6E5193A42E1E6ACFB20DE908"/>
				</AssociationSet>
				<AssociationSet Name="assoc_5808EBEE247FDF70EC2E26D0828AA2FC" Association="Z_VEHICLE_MASTER_SRV.assoc_5808EBEE247FDF70EC2E26D0828AA2FC"
					sap:creatable="false" sap:updatable="false" sap:deletable="false" sap:content-version="1">
					<End EntitySet="zc_myear" Role="FromRole_assoc_5808EBEE247FDF70EC2E26D0828AA2FC"/>
					<End EntitySet="zc_c_vehicle" Role="ToRole_assoc_5808EBEE247FDF70EC2E26D0828AA2FC"/>
				</AssociationSet>
				<AssociationSet Name="assoc_A7880A150E550586C789C30F3FE5BE38" Association="Z_VEHICLE_MASTER_SRV.assoc_A7880A150E550586C789C30F3FE5BE38"
					sap:creatable="false" sap:updatable="false" sap:deletable="false" sap:content-version="1">
					<End EntitySet="zc_c_vehicle" Role="FromRole_assoc_A7880A150E550586C789C30F3FE5BE38"/>
					<End EntitySet="zc_additional_customer" Role="ToRole_assoc_A7880A150E550586C789C30F3FE5BE38"/>
				</AssociationSet>
				<AssociationSet Name="assoc_3C2218A7F007AFFED515545146FF0187" Association="Z_VEHICLE_MASTER_SRV.assoc_3C2218A7F007AFFED515545146FF0187"
					sap:creatable="false" sap:updatable="false" sap:deletable="false" sap:content-version="1">
					<End EntitySet="zc_c_vehicle" Role="FromRole_assoc_3C2218A7F007AFFED515545146FF0187"/>
					<End EntitySet="zc_additional_data" Role="ToRole_assoc_3C2218A7F007AFFED515545146FF0187"/>
				</AssociationSet>
				<AssociationSet Name="assoc_59D69F3A4B8B481DE60CF985B57BC958" Association="Z_VEHICLE_MASTER_SRV.assoc_59D69F3A4B8B481DE60CF985B57BC958"
					sap:creatable="false" sap:updatable="false" sap:deletable="false" sap:content-version="1">
					<End EntitySet="zc_c_vehicle" Role="FromRole_assoc_59D69F3A4B8B481DE60CF985B57BC958"/>
					<End EntitySet="zc_model" Role="ToRole_assoc_59D69F3A4B8B481DE60CF985B57BC958"/>
				</AssociationSet>
				<AssociationSet Name="assoc_3FDACD51CC15A0375E3A1E670ADF0F18" Association="Z_VEHICLE_MASTER_SRV.assoc_3FDACD51CC15A0375E3A1E670ADF0F18"
					sap:creatable="false" sap:updatable="false" sap:deletable="false" sap:content-version="1">
					<End EntitySet="zc_c_vehicle" Role="FromRole_assoc_3FDACD51CC15A0375E3A1E670ADF0F18"/>
					<End EntitySet="ZC_FRD" Role="ToRole_assoc_3FDACD51CC15A0375E3A1E670ADF0F18"/>
				</AssociationSet>
				<AssociationSet Name="assoc_179DA9FDC30AF95EDA018549023DB4D2" Association="Z_VEHICLE_MASTER_SRV.assoc_179DA9FDC30AF95EDA018549023DB4D2"
					sap:creatable="false" sap:updatable="false" sap:deletable="false" sap:content-version="1">
					<End EntitySet="zc_model" Role="FromRole_assoc_179DA9FDC30AF95EDA018549023DB4D2"/>
					<End EntitySet="zc_mmfields" Role="ToRole_assoc_179DA9FDC30AF95EDA018549023DB4D2"/>
				</AssociationSet>
				<AssociationSet Name="CUSTOMERTOVEHICLESSet" Association="Z_VEHICLE_MASTER_SRV.CUSTOMERTOVEHICLES" sap:creatable="false"
					sap:updatable="false" sap:deletable="false" sap:content-version="1">
					<End EntitySet="CustomerSet" Role="FromRole_CUSTOMERTOVEHICLES"/>
					<End EntitySet="VehicleSet" Role="ToRole_CUSTOMERTOVEHICLES"/>
				</AssociationSet>
				<AssociationSet Name="assoc_C89EB9216C92E2496B85EFEAF2F9BA40" Association="Z_VEHICLE_MASTER_SRV.assoc_C89EB9216C92E2496B85EFEAF2F9BA40"
					sap:creatable="false" sap:updatable="false" sap:deletable="false" sap:content-version="1">
					<End EntitySet="zc_c_vehicle" Role="FromRole_assoc_C89EB9216C92E2496B85EFEAF2F9BA40"/>
					<End EntitySet="zc_history" Role="ToRole_assoc_C89EB9216C92E2496B85EFEAF2F9BA40"/>
				</AssociationSet>
				<AssociationSet Name="assoc_89CEEECFC0CEFE42F374DF8CAD532ABA" Association="Z_VEHICLE_MASTER_SRV.assoc_89CEEECFC0CEFE42F374DF8CAD532ABA"
					sap:creatable="false" sap:updatable="false" sap:deletable="false" sap:content-version="1">
					<End EntitySet="zc_model" Role="FromRole_assoc_89CEEECFC0CEFE42F374DF8CAD532ABA"/>
					<End EntitySet="zc_myear" Role="ToRole_assoc_89CEEECFC0CEFE42F374DF8CAD532ABA"/>
				</AssociationSet>
			</EntityContainer>
			<Annotations xmlns="http://docs.oasis-open.org/odata/ns/edm" Target="Z_VEHICLE_MASTER_SRV.zc_c_vehicleType/VehicleModel">
				<Annotation Term="Common.ValueList">
					<Record>
						<PropertyValue Property="Label" String="For model information"/>
						<PropertyValue Property="CollectionPath" String="zc_model"/>
						<PropertyValue Property="SearchSupported" Bool="true"/>
						<PropertyValue Property="Parameters">
							<Collection>
								<Record Type="Common.ValueListParameterInOut">
									<PropertyValue Property="LocalDataProperty" PropertyPath="VehicleModel"/>
									<PropertyValue Property="ValueListProperty" String="Model"/>
								</Record>
							</Collection>
						</PropertyValue>
					</Record>
				</Annotation>
			</Annotations>
			<Annotations xmlns="http://docs.oasis-open.org/odata/ns/edm" Target="Z_VEHICLE_MASTER_SRV.zc_c_vehicleType/ModelSeriesNo">
				<Annotation Term="Common.ValueList">
					<Record>
						<PropertyValue Property="Label" String="Vehicle MM Fields"/>
						<PropertyValue Property="CollectionPath" String="zc_mmfields"/>
						<PropertyValue Property="SearchSupported" Bool="true"/>
						<PropertyValue Property="Parameters">
							<Collection>
								<Record Type="Common.ValueListParameterInOut">
									<PropertyValue Property="LocalDataProperty" PropertyPath="ModelSeriesNo"/>
									<PropertyValue Property="ValueListProperty" String="ModelSeriesNo"/>
								</Record>
							</Collection>
						</PropertyValue>
					</Record>
				</Annotation>
			</Annotations>
			<Annotations xmlns="http://docs.oasis-open.org/odata/ns/edm" Target="Z_VEHICLE_MASTER_SRV.zc_c_vehicleType">
				<Annotation Term="Common.SemanticKey">
					<Collection>
						<PropertyPath>VehicleIdentificationNumber</PropertyPath>
					</Collection>
				</Annotation>
			</Annotations>
			<atom:link xmlns:atom="http://www.w3.org/2005/Atom" rel="self"
				href="https://tcid1gwapp1.tci.internal.toyota.ca:44300/sap/opu/odata/sap/Z_VEHICLE_MASTER_SRV/$metadata"/>
			<atom:link xmlns:atom="http://www.w3.org/2005/Atom" rel="latest-version"
				href="https://tcid1gwapp1.tci.internal.toyota.ca:44300/sap/opu/odata/sap/Z_VEHICLE_MASTER_SRV/$metadata"/>
		</Schema>
	</edmx:DataServices>
</edmx:Edmx>